N,P,K,temperature,humidity,ph,rainfall,label
90,42,43,20.87974371,82.00274423,6.502985292,202.9355362,rice
85,58,41,21.77046169,80.31964408,7.038096361,226.6555374,rice
60,55,44,23.00445915,82.3207629,7.840207144,263.9642476,rice
74,35,40,26.49109635,80.15836264,6.980400905,242.8640342,rice
78,42,42,20.13017482,81.60487287,7.628472891,262.7173405,rice
69,37,42,23.05804872,83.37011772,7.073453504,251.0549905,rice
69,55,38,22.70883798,82.63941394,5.70080568,271.3248604,rice
94,53,40,20.27774362,82.89408619,5.718627177,241.9741498,rice
89,54,38,24.51588066,83.53521629,6.685346423,230.4462365,rice
68,58,38,23.22397386,83.03322691,6.336253525,221.2091958,rice
91,53,40,26.52723513,81.41753846,5.386167788,264.6148829,rice
90,46,42,23.97898217,81.45061596,7.50283396,250.0832336,rice
78,58,44,26.80079604,80.18572482,5.108681786,284.4816682,rice
93,56,36,24.01735908,82.05687437,6.98435366,185.2773389,rice
94,50,37,25.66637832,80.66886498,6.94aborpe,209.5869708,rice
60,48,39,24.28607912,80.22867798,7.142295719,231.0863347,rice
85,38,41,21.58710359,82.7883872,6.239277607,276.65524,rice
91,35,39,23.79225503,80.41817687,6.685346423,206.2380297,rice
77,38,36,21.50378789,80.37340437,6.417234949,224.0500372,rice
88,45,40,22.03849208,84.79352019,6.574153118,183.5689498,rice
75,55,39,20.05510432,83.61013758,5.62467638,231.2694498,rice
93,57,43,21.67686994,80.82519675,5.697001613,264.6542885,rice
45,42,42,22.56784244,83.88419782,6.046340479,220.6355498,rice
79,45,43,22.40988,84.0164455,6.050869752,233.5554817,rice
85,44,38,22.91818859,81.93380388,6.777421585,196.8428695,rice
72,46,42,25.15012277,83.46557906,6.718615982,210.1767928,rice
63,40,44,24.20495468,81.85498024,5.81330917,255.4020523,rice
90,36,45,25.15363853,80.48909792,6.068295816,195.4859578,rice
68,47,39,24.87195923,82.11694554,6.276439753,261.1775283,rice
85,40,41,22.26242897,83.31898,7.16283128,257.4414997,rice
75,55,45,21.40865769,80.52278752,5.945981124,227.3604758,rice
73,40,39,21.10953308,81.53654344,6.24921907,296.7534836,rice
79,42,44,20.88549067,80.43753879,7.592867997,217.3282819,rice
78,43,42,23.86086498,80.86722809,6.046340479,211.0523178,rice
83,43,44,2.27363861,83.3705831,6.949996758,225.8507388,rice
74,39,38,23.33989695,81.78818296,6.804984837,227.5665977,rice
62,42,36,22.79955451,83.06086093,5.770447122,216.2668461,rice
68,49,41,22.68977965,80.24192831,6.06264898,215.4953379,rice
100,46,40,25.66750894,84.59498662,6.32969658,260.9045016,rice
79,48,38,22.97153422,82.35437825,7.059975802,241.6059269,rice
89,50,40,23.93365006,80.04820032,6.14728052,213.8155994,rice
60,38,43,23.97898217,84.21009,6.685346423,272.1709408,rice
77,37,41,22.5694586,80.91741948,6.853445437,237.8432613,rice
84,45,40,23.12419195,82.67753529,7.33855186,200.2117938,rice
74,40,37,22.08093116,82.62044826,6.32969658,255.3948832,rice
86,35,40,21.85289122,80.7517758,7.232005758,206.2615903,rice
69,55,38,22.56784244,82.62044826,5.70080568,241.3204488,rice
72,38,38,23.52174974,83.76267785,5.948421268,213.5073318,rice
68,40,43,24.28607912,84.09625655,5.945981124,272.9573406,rice
91,42,45,24.09498959,81.05866052,7.003792571,223.0768523,rice
90,36,39,20.10789849,81.23817107,7.13396685,269.6621927,rice
65,56,36,25.13345571,82.02028,6.35124218,237.0804497,rice
96,38,36,23.99785,80.79867,5.57934,284.8143491,rice
62,46,43,20.14895791,82.78920593,7.215128597,207.8052423,rice
59,55,39,25.44879955,82.89894,5.82432,259.5645182,rice
95,42,45,21.67686994,83.56498,7.16283128,271.0418624,rice
73,52,42,22.23568977,81.26459,5.3829,213.5073318,rice
60,50,36,24.72894561,82.08423,6.62348,226.0285477,rice
86,42,41,22.82345169,80.37340437,5.70080568,210.2855638,rice
71,47,39,24.66459,81.37469,6.949996758,236.9424573,rice
82,45,40,20.95694836,82.01389024,6.604987233,228.7452463,rice
88,50,42,23.86086498,83.8654589,6.806417765,241.6059269,rice
84,39,43,25.13345571,82.82354,6.385974625,238.8942137,rice
90,40,38,22.26242897,81.53654344,7.285364968,257.4414997,rice
73,46,45,23.86086498,82.82354,6.685346423,250.0832336,rice
79,42,41,22.12094,80.71987,7.592867997,244.3571208,rice
68,40,37,23.93365006,82.35437825,6.44327,203.7614158,rice
82,47,42,21.45783,83.38659,6.94852,222.0834615,rice
87,46,39,23.52174974,82.13545,7.38456,210.1767928,rice
76,44,40,24.87195923,81.34567,6.276439753,265.7824973,rice
80,50,38,21.96456,82.56789,6.685346423,248.9573406,rice
91,42,41,23.05804872,83.14523,5.70080568,257.8462519,rice
75,39,42,22.56784244,82.82354,7.16283128,271.3248604,rice
83,45,43,20.87974371,80.64237,6.502985292,247.5645182,rice
69,53,44,24.51588066,81.85498023,5.386167788,239.6124878,rice
87,48,40,22.97153422,83.46557906,6.32969658,216.2668461,rice
72,44,39,25.15012277,82.05687437,7.003792571,270.1542793,rice
64,55,36,22.03849208,80.37340437,6.24921907,262.9478306,rice
88,52,41,23.00445915,83.31898,6.574153118,255.4020523,rice
75,40,38,23.86086498,82.67753529,6.685346423,236.9424573,rice
81,57,43,24.09498959,81.93380388,5.948421268,271.0418624,rice
77,42,40,21.40865769,82.62044826,7.628472891,243.6845291,rice
86,50,44,22.70883798,80.04820032,6.336253525,258.7254618,rice
68,48,42,20.13017482,83.37011772,7.073453504,211.0523178,rice
79,38,38,23.33989695,80.52278752,5.62467638,230.4462359,rice
84,46,41,22.40988,83.06086093,5.81330917,244.3571208,rice
92,55,39,24.01735908,80.82519675,6.949996758,282.5124839,rice
73,42,43,21.58710359,82.63941394,6.685346423,203.7614158,rice
89,40,36,25.66637832,84.79352019,6.068295816,196.8428695,rice
67,49,45,23.22397386,81.45061596,6.417234949,217.3282819,rice
81,53,37,22.91818859,82.7883872,7.33855186,200.2117938,rice
94,44,40,22.68977965,84.21009,6.685346423,224.0500372,rice
70,37,42,24.20495468,81.60487287,5.945981124,247.5645182,rice
86,55,38,22.22797,80.66886498,6.239277607,206.2380297,rice
76,42,44,23.79225503,80.41817687,6.574153118,237.8432613,rice
88,48,39,21.50378789,83.53521629,7.232005758,213.5073318,rice
72,40,41,22.05510432,82.89408619,6.776855,209.5869708,rice
84,57,43,24.28607912,83.88419782,7.50283396,231.2694498,rice
91,42,40,22.79955451,80.48909792,6.06264898,255.3948832,rice
101,50,38,21.85289122,83.61013758,6.685346423,283.5689498,rice
maize,79,42,20.79,82.00,6.50,202.94,maize
21,60,20,23.86,60.64,6.24,41.06,maize
19,55,20,22.16,58.07,5.59,44.66,maize
29,58,22,23.31,62.78,7.20,42.51,maize
23,65,18,24.49,65.22,6.82,52.32,maize
25,58,24,23.24,68.04,5.94,40.18,maize
27,52,18,22.68,52.47,7.01,49.56,maize
21,68,22,21.95,55.76,5.72,48.16,maize
23,55,24,24.02,67.23,5.58,35.48,maize
25,62,18,20.69,61.39,6.34,58.92,maize
21,57,20,22.48,58.89,6.78,43.26,maize
25,60,22,23.78,63.45,6.12,50.79,maize
19,53,19,21.34,56.12,7.36,46.83,maize
23,66,21,24.91,64.78,5.48,39.24,maize
27,59,23,22.87,59.34,6.95,51.47,maize
20,64,18,23.15,66.91,5.82,44.58,maize
22,56,20,21.72,57.56,7.14,47.92,maize
26,61,22,24.38,62.13,6.47,38.76,maize
18,58,24,22.94,60.87,5.63,53.21,maize
24,54,19,23.67,55.43,6.89,41.35,maize
21,63,21,20.81,68.29,7.42,45.67,maize
25,57,23,24.16,61.56,5.95,49.83,maize
19,65,18,22.53,64.12,6.28,42.19,maize
23,52,20,23.89,57.89,7.08,50.42,maize
27,60,22,21.47,63.67,5.74,37.98,maize
20,59,24,24.72,59.23,6.51,54.16,maize
22,55,19,22.18,65.78,6.87,43.75,maize
26,67,21,23.45,58.34,5.42,48.29,maize
18,62,23,21.93,62.56,7.25,40.63,maize
24,56,18,24.61,60.12,6.14,52.87,maize
21,58,20,22.37,66.45,5.68,46.14,maize
25,64,22,23.84,57.23,6.92,39.48,maize
19,53,24,20.96,63.89,7.38,53.72,maize
23,61,19,24.28,61.67,5.56,41.86,maize
27,57,21,22.75,58.56,6.45,50.13,maize
20,66,23,23.12,64.34,5.79,44.27,maize
22,59,18,21.58,56.78,7.18,47.61,maize
26,55,20,24.46,62.45,6.53,38.45,maize
18,63,22,22.83,60.23,5.87,54.73,maize
24,58,24,23.57,55.89,6.96,42.38,maize
21,52,19,20.74,67.56,7.44,45.82,maize
25,60,21,24.19,59.12,5.92,49.16,maize
19,67,23,22.46,63.78,6.25,43.94,maize
23,54,18,23.93,58.45,7.12,51.28,maize
27,61,20,21.39,62.23,5.71,37.62,maize
20,56,22,24.85,60.89,6.48,55.36,maize
22,65,24,22.12,66.56,6.84,44.72,maize
26,59,19,23.48,57.34,5.39,48.96,maize
18,63,21,21.86,63.12,7.22,41.29,maize
24,57,23,24.54,61.78,6.15,53.43,maize
25,65,20,22.58,59.36,6.75,46.12,maize
20,57,22,23.45,62.89,5.93,41.85,maize
23,60,18,24.12,64.53,6.34,49.37,maize
19,63,24,21.87,56.78,7.15,43.92,maize
27,54,20,22.96,60.45,5.68,52.46,maize
22,66,19,23.78,63.12,6.87,38.74,maize
26,58,21,20.69,57.89,7.35,47.28,maize
18,62,23,24.34,65.67,5.47,44.83,maize
24,55,18,22.51,61.23,6.72,50.17,maize
21,61,20,23.67,58.56,5.84,39.51,maize
25,59,22,21.28,64.34,7.28,53.85,maize
20,64,24,24.93,60.78,6.19,42.39,maize
23,56,19,22.38,57.45,6.63,48.73,maize
27,68,21,23.15,63.89,5.52,37.27,maize
19,53,23,21.74,59.67,7.06,55.81,maize
22,60,18,24.47,62.34,6.41,44.15,maize
26,57,20,22.83,56.12,5.95,49.69,maize
18,65,22,23.59,65.78,7.19,41.23,maize
24,62,24,20.96,61.45,6.56,53.57,maize
21,54,19,24.21,58.23,5.73,46.91,maize
25,61,21,22.67,63.56,6.89,39.25,maize
20,58,23,23.34,60.12,7.32,52.79,maize
23,66,18,21.51,57.78,5.46,43.33,maize
27,55,20,24.78,64.45,6.17,37.87,maize
19,63,22,22.14,62.23,6.85,55.41,maize
22,59,24,23.91,59.89,5.62,44.95,maize
26,52,19,21.37,56.56,7.38,48.49,maize
18,67,21,24.64,63.34,6.24,42.03,maize
24,56,23,22.79,60.67,5.79,50.57,maize
21,60,18,23.46,58.12,6.96,39.11,maize
25,58,20,20.63,65.89,7.42,53.65,maize
20,64,22,24.98,62.56,5.53,41.19,maize
23,55,24,22.25,57.23,6.67,48.73,maize
27,62,19,23.72,64.78,5.88,37.27,maize
19,59,21,21.48,61.34,7.14,55.81,maize
22,53,23,24.35,59.89,6.36,44.35,maize
26,66,18,22.82,56.45,5.95,49.89,maize
18,57,20,23.59,63.67,7.22,41.43,maize
24,61,22,20.76,60.23,6.58,53.97,maize
21,58,24,24.13,58.78,5.75,47.51,maize
25,64,19,22.59,63.45,6.91,40.05,maize
20,55,21,23.26,57.12,7.34,52.59,maize
23,63,23,21.43,64.89,5.48,44.13,maize
27,60,18,24.7,61.56,6.19,38.67,maize
19,56,20,22.16,58.23,6.83,56.21,maize
22,62,22,23.83,62.67,5.64,45.75,maize
26,59,24,21.29,56.34,7.37,49.29,maize
18,55,19,24.56,63.12,6.26,42.83,maize
24,67,21,22.73,60.78,5.81,51.37,maize
21,54,23,23.4,58.45,6.98,39.91,maize
6,12,30,26.08,88.67,6.64,112.63,jute
10,18,28,25.34,85.23,6.42,148.92,jute
8,14,32,27.15,90.12,6.85,128.45,jute
12,20,26,24.89,86.78,7.12,155.34,jute
7,16,29,26.54,89.45,6.38,119.87,jute
9,13,31,25.78,87.34,6.73,142.56,jute
11,19,27,27.43,91.23,6.96,136.78,jute
6,15,33,24.62,84.89,7.28,160.23,jute
8,17,28,26.87,88.56,6.54,125.34,jute
10,12,30,25.19,86.12,6.81,149.87,jute
12,21,26,27.68,90.78,7.15,133.45,jute
7,14,32,24.45,85.45,6.35,157.92,jute
9,18,29,26.32,89.23,6.68,121.56,jute
11,16,31,25.96,87.89,7.02,145.23,jute
6,20,27,27.21,91.56,6.49,138.67,jute
8,13,33,24.78,84.34,6.92,162.34,jute
10,19,28,26.65,88.12,7.25,127.89,jute
12,15,30,25.42,86.67,6.58,151.45,jute
7,17,26,27.89,90.45,6.84,135.12,jute
9,12,32,24.15,85.78,7.18,159.78,jute
11,21,29,26.48,89.67,6.41,123.34,jute
6,14,31,25.82,87.12,6.76,143.92,jute
8,18,27,27.35,91.89,7.08,137.56,jute
10,16,33,24.68,84.56,6.52,163.23,jute
12,20,28,26.95,88.34,6.88,129.89,jute
7,13,30,25.28,86.45,7.22,153.45,jute
9,19,26,27.62,90.23,6.45,131.12,jute
11,15,32,24.35,85.12,6.79,158.67,jute
6,17,29,26.18,89.78,7.12,120.34,jute
8,21,31,25.92,87.56,6.55,147.92,jute
10,14,27,27.45,91.45,6.98,139.56,jute
12,12,33,24.82,84.23,6.32,165.23,jute
7,18,28,26.75,88.89,6.72,126.89,jute
9,16,30,25.48,86.34,7.05,150.45,jute
11,20,26,27.12,90.56,6.48,134.12,jute
6,13,32,24.55,85.67,6.82,161.78,jute
8,19,29,26.42,89.12,7.18,122.34,jute
10,15,31,25.68,87.78,6.62,146.92,jute
12,17,27,27.95,91.67,6.95,140.56,jute
7,21,33,24.28,84.45,6.38,164.23,jute
9,14,28,26.85,88.56,6.75,128.89,jute
11,12,30,25.12,86.12,7.08,152.45,jute
6,18,26,27.58,90.89,6.52,132.12,jute
8,16,32,24.92,85.34,6.85,159.78,jute
10,20,29,26.25,89.45,7.22,121.34,jute
12,13,31,25.58,87.23,6.55,144.92,jute
7,19,27,27.82,91.12,6.92,137.56,jute
9,15,33,24.45,84.78,6.35,162.23,jute
11,17,28,26.68,88.67,6.78,130.89,jute
6,21,30,25.32,86.56,7.15,154.45,jute
8,14,26,27.15,90.34,6.45,129.12,jute
10,12,32,24.78,85.89,6.82,160.78,jute
12,18,29,26.55,89.78,7.18,123.34,jute
7,16,31,25.88,87.45,6.58,148.92,jute
9,20,27,27.25,91.34,6.95,136.56,jute
11,13,33,24.15,84.12,6.32,163.23,jute
6,19,28,26.98,88.23,6.68,127.89,jute
8,15,30,25.42,86.78,7.02,151.45,jute
10,17,26,27.72,90.12,6.48,133.12,jute
12,21,32,24.95,85.56,6.85,157.78,jute
7,14,29,26.28,89.34,7.25,119.34,jute
9,12,31,25.62,87.67,6.55,146.92,jute
11,18,27,27.95,91.78,6.92,138.56,jute
6,16,33,24.38,84.45,6.38,165.23,jute
8,20,28,26.72,88.45,6.72,125.89,jute
10,13,30,25.18,86.23,7.08,149.45,jute
12,19,26,27.48,90.67,6.42,130.12,jute
7,15,32,24.65,85.78,6.78,161.78,jute
9,17,29,26.38,89.56,7.15,122.34,jute
11,21,31,25.72,87.34,6.52,143.92,jute
6,14,27,27.85,91.23,6.88,139.56,jute
8,12,33,24.28,84.67,6.35,164.23,jute
10,18,28,26.65,88.78,6.75,129.89,jute
12,16,30,25.38,86.45,7.02,150.45,jute
7,20,26,27.18,90.34,6.45,131.12,jute
9,13,32,24.85,85.23,6.82,158.78,jute
11,19,29,26.52,89.12,7.18,120.34,jute
6,15,31,25.78,87.89,6.58,147.92,jute
8,17,27,27.32,91.56,6.95,137.56,jute
10,21,33,24.52,84.34,6.32,162.23,jute
12,14,28,26.88,88.12,6.68,126.89,jute
7,12,30,25.22,86.67,7.05,153.45,jute
9,18,26,27.55,90.45,6.48,134.12,jute
11,16,32,24.75,85.56,6.85,160.78,jute
6,20,29,26.28,89.78,7.22,118.34,jute
8,13,31,25.58,87.45,6.55,145.92,jute
10,19,27,27.82,91.67,6.92,140.56,jute
12,15,33,24.35,84.23,6.38,163.23,jute
7,17,28,26.75,88.89,6.72,128.89,jute
9,21,30,25.48,86.56,7.08,152.45,jute
11,14,26,27.28,90.23,6.45,132.12,jute
6,12,32,24.92,85.78,6.82,159.78,jute
8,18,29,26.45,89.45,7.18,121.34,jute
10,16,31,25.72,87.12,6.55,148.92,jute
12,20,27,27.68,91.34,6.92,136.56,jute
7,13,33,24.18,84.67,6.35,164.23,jute
9,19,28,26.92,88.23,6.72,125.89,jute
11,15,30,25.28,86.78,7.08,150.45,jute
6,17,26,27.42,90.56,6.45,133.12,jute
8,21,32,24.85,85.34,6.85,157.78,jute
10,14,29,26.38,89.67,7.25,120.34,jute
12,12,31,25.62,87.45,6.52,144.92,jute
20,125,30,28.65,86.35,6.82,156.23,cotton
25,130,28,27.89,84.12,7.15,148.67,cotton
18,120,32,29.34,88.56,6.48,162.45,cotton
22,128,26,28.12,85.78,6.93,155.12,cotton
15,135,29,27.45,87.23,7.38,142.89,cotton
21,122,31,29.78,89.12,6.65,164.34,cotton
24,132,27,28.45,83.67,7.08,151.56,cotton
17,126,33,27.12,86.89,6.72,169.23,cotton
19,118,28,29.56,88.34,7.25,145.67,cotton
23,134,30,28.78,85.12,6.54,158.89,cotton
16,124,26,27.65,87.56,6.98,171.34,cotton
20,130,32,29.12,89.78,7.32,139.45,cotton
25,121,29,28.34,84.45,6.45,153.12,cotton
18,136,27,27.89,86.12,6.85,166.78,cotton
22,127,31,29.67,88.89,7.18,147.23,cotton
15,133,33,28.23,83.34,6.58,174.56,cotton
21,119,28,27.56,87.67,7.42,141.89,cotton
24,129,30,29.45,85.56,6.75,160.34,cotton
17,125,26,28.89,89.23,7.08,137.67,cotton
19,131,32,27.23,84.78,6.42,167.45,cotton
23,123,29,29.78,86.34,6.92,150.12,cotton
16,137,27,28.56,88.12,7.35,144.78,cotton
20,120,31,27.34,83.89,6.62,163.23,cotton
25,128,33,29.12,87.45,7.15,138.56,cotton
18,134,28,28.67,85.23,6.48,172.89,cotton
22,126,30,27.45,89.56,6.88,146.34,cotton
15,132,26,29.89,84.67,7.28,154.67,cotton
21,118,32,28.23,86.78,6.55,168.12,cotton
24,136,29,27.78,88.45,7.02,141.45,cotton
17,124,27,29.34,83.12,6.78,176.78,cotton
19,130,31,28.45,87.34,7.38,143.23,cotton
23,121,33,27.12,85.89,6.52,161.56,cotton
16,129,28,29.56,89.67,6.95,137.89,cotton
20,135,30,28.89,84.34,7.22,157.23,cotton
25,127,26,27.67,86.56,6.65,170.56,cotton
18,133,32,29.23,88.78,7.42,140.89,cotton
22,119,29,28.12,83.45,6.38,165.34,cotton
15,131,27,27.89,87.12,6.82,148.67,cotton
21,125,31,29.67,85.67,7.15,144.12,cotton
24,137,33,28.34,89.34,6.58,175.45,cotton
17,123,28,27.56,84.12,7.02,152.78,cotton
19,129,30,29.45,86.89,6.78,139.12,cotton
23,120,26,28.78,88.23,7.35,162.56,cotton
16,134,32,27.23,83.78,6.48,173.89,cotton
20,126,29,29.12,87.56,6.92,146.23,cotton
25,132,27,28.45,85.34,7.25,155.67,cotton
18,128,31,27.78,89.12,6.62,168.12,cotton
22,122,33,29.34,84.89,7.08,140.45,cotton
15,136,28,28.12,86.45,6.45,177.78,cotton
21,124,30,27.45,88.67,6.88,143.12,cotton
24,130,26,29.78,83.23,7.38,159.56,cotton
17,121,32,28.56,87.78,6.55,166.89,cotton
19,133,29,27.12,85.56,6.98,149.23,cotton
23,127,27,29.45,89.45,7.22,142.67,cotton
16,135,31,28.89,84.12,6.72,174.12,cotton
20,119,33,27.67,86.34,7.15,137.45,cotton
25,131,28,29.23,88.78,6.42,160.78,cotton
18,125,30,28.34,83.56,6.85,172.23,cotton
22,137,26,27.89,87.23,7.32,145.67,cotton
15,123,32,29.56,85.89,6.58,176.12,cotton
21,129,29,28.23,89.34,7.02,141.45,cotton
24,120,27,27.56,84.67,6.78,163.78,cotton
17,134,31,29.78,86.12,7.42,138.12,cotton
19,126,33,28.12,88.45,6.35,170.56,cotton
23,132,28,27.45,83.78,6.92,152.89,cotton
16,128,30,29.34,87.56,7.25,147.23,cotton
20,122,26,28.67,85.23,6.62,175.67,cotton
25,136,32,27.23,89.67,7.08,139.12,cotton
18,124,29,29.12,84.34,6.48,167.45,cotton
22,130,27,28.45,86.89,6.85,154.78,cotton
15,119,31,27.78,88.12,7.32,180.23,cotton
21,133,33,29.67,83.45,6.55,136.56,cotton
24,127,28,28.12,87.78,6.98,161.89,cotton
17,135,30,27.45,85.56,7.22,148.23,cotton
19,121,26,29.89,89.23,6.72,164.67,cotton
23,129,32,28.34,84.78,7.38,141.12,cotton
16,125,29,27.12,86.34,6.42,173.45,cotton
20,131,27,29.56,88.89,6.88,145.78,cotton
25,123,31,28.78,83.12,7.15,169.23,cotton
18,137,33,27.34,87.45,6.58,177.56,cotton
22,120,28,29.23,85.78,7.02,140.89,cotton
15,128,30,28.56,89.56,6.78,153.23,cotton
21,134,26,27.89,84.23,7.35,165.67,cotton
24,126,32,29.12,86.67,6.45,138.12,cotton
17,132,29,28.23,88.34,6.92,172.45,cotton
19,122,27,27.56,83.89,7.28,150.78,cotton
23,138,31,29.78,85.12,6.65,143.12,cotton
16,124,33,28.45,87.56,7.42,176.45,cotton
20,130,28,27.12,89.78,6.38,147.78,cotton
25,119,30,29.34,84.45,6.82,162.23,cotton
18,133,26,28.78,86.12,7.15,175.56,cotton
22,127,32,27.45,88.67,6.52,139.89,cotton
15,135,29,29.67,83.34,7.08,170.23,cotton
21,121,27,28.12,87.89,6.75,144.67,cotton
24,129,31,27.78,85.45,7.38,157.12,cotton
17,125,33,29.45,89.12,6.48,178.45,cotton
19,131,28,28.34,84.78,6.92,146.78,cotton
23,123,30,27.12,86.45,7.22,161.12,cotton
44,25,20,28.42,66.74,5.98,68.43,coconut
40,22,28,27.89,64.23,6.45,75.12,coconut
48,28,18,29.12,68.56,6.12,62.34,coconut
42,24,24,28.78,65.89,5.78,71.67,coconut
46,20,22,27.34,67.45,6.34,79.23,coconut
38,26,26,29.56,69.12,5.92,65.78,coconut
50,30,20,28.23,63.78,6.56,58.45,coconut
44,22,30,27.67,66.34,6.18,73.12,coconut
36,28,24,29.89,68.89,5.84,82.56,coconut
48,24,18,28.45,65.23,6.42,67.89,coconut
42,26,22,27.12,67.78,5.96,76.34,coconut
46,20,28,29.34,69.45,6.28,60.12,coconut
38,30,26,28.89,64.56,5.72,72.67,coconut
50,22,20,27.45,66.89,6.52,85.23,coconut
44,28,24,29.67,68.23,6.08,64.56,coconut
36,24,30,28.12,65.56,5.88,78.12,coconut
48,26,18,27.78,67.12,6.38,61.45,coconut
42,20,22,29.23,69.78,6.14,74.89,coconut
46,30,26,28.56,63.45,5.76,83.34,coconut
38,22,28,27.23,66.12,6.48,66.67,coconut
50,28,20,29.78,68.67,5.94,59.12,coconut
44,24,24,28.34,65.34,6.32,77.56,coconut
36,26,30,27.89,67.89,5.82,69.89,coconut
48,20,18,29.45,69.23,6.54,63.23,coconut
42,30,22,28.67,64.78,6.16,80.67,coconut
46,22,26,27.34,66.45,5.98,72.12,coconut
38,28,28,29.12,68.12,6.24,57.45,coconut
50,24,20,28.78,65.67,5.68,84.89,coconut
44,26,24,27.56,67.34,6.46,65.23,coconut
36,20,30,29.34,69.89,6.02,75.67,coconut
48,30,18,28.23,64.12,5.86,62.12,coconut
42,22,22,27.89,66.78,6.36,78.56,coconut
46,28,26,29.56,68.45,5.74,68.89,coconut
38,24,28,28.45,65.12,6.52,56.23,coconut
50,26,20,27.12,67.56,6.12,82.67,coconut
44,20,24,29.78,69.34,5.92,63.12,coconut
36,30,30,28.56,64.45,6.42,76.45,coconut
48,22,18,27.34,66.23,5.78,61.78,coconut
42,28,22,29.23,68.78,6.28,79.12,coconut
46,24,26,28.89,65.56,5.96,70.45,coconut
38,26,28,27.56,67.12,6.48,55.78,coconut
50,20,20,29.67,69.67,6.06,81.12,coconut
44,30,24,28.12,64.89,5.82,64.56,coconut
36,22,30,27.78,66.56,6.34,77.89,coconut
48,28,18,29.34,68.34,5.72,60.23,coconut
42,24,22,28.67,65.78,6.46,80.67,coconut
46,26,26,27.23,67.45,5.94,71.12,coconut
38,20,28,29.89,69.12,6.22,54.45,coconut
50,30,20,28.34,64.34,5.86,83.78,coconut
44,22,24,27.67,66.89,6.38,66.12,coconut
36,28,30,29.45,68.56,5.78,58.45,coconut
48,24,18,28.12,65.23,6.52,73.89,coconut
42,26,22,27.89,67.78,6.08,81.34,coconut
46,20,26,29.23,69.45,5.88,69.67,coconut
38,30,28,28.56,64.12,6.42,53.12,coconut
50,22,20,27.34,66.34,5.96,84.56,coconut
44,28,24,29.67,68.89,6.18,65.89,coconut
36,24,30,28.23,65.56,5.74,76.23,coconut
48,26,18,27.78,67.23,6.34,62.56,coconut
42,20,22,29.12,69.78,6.14,79.89,coconut
46,30,26,28.45,64.45,5.82,71.23,coconut
38,22,28,27.12,66.67,6.48,55.56,coconut
50,28,20,29.78,68.12,5.92,82.67,coconut
44,24,24,28.89,65.89,6.26,67.12,coconut
36,26,30,27.45,67.56,5.78,74.45,coconut
48,20,18,29.34,69.23,6.54,60.78,coconut
42,30,22,28.12,64.78,6.06,80.12,coconut
46,22,26,27.89,66.45,5.96,72.45,coconut
38,28,28,29.56,68.34,6.28,56.78,coconut
50,24,20,28.34,65.12,5.72,83.12,coconut
44,26,24,27.56,67.89,6.42,65.45,coconut
36,20,30,29.12,69.56,6.02,75.78,coconut
48,30,18,28.67,64.23,5.84,61.12,coconut
42,22,22,27.23,66.78,6.38,78.45,coconut
46,28,26,29.78,68.56,5.76,69.78,coconut
38,24,28,28.45,65.34,6.52,54.12,coconut
50,26,20,27.12,67.12,6.12,82.45,coconut
44,20,24,29.34,69.89,5.94,63.78,coconut
36,30,30,28.78,64.56,6.46,76.12,coconut
48,22,18,27.45,66.12,5.78,61.45,coconut
42,28,22,29.56,68.78,6.32,79.78,coconut
46,24,26,28.23,65.67,5.98,70.12,coconut
38,26,28,27.78,67.34,6.48,55.45,coconut
50,20,20,29.12,69.12,6.08,81.78,coconut
44,30,24,28.56,64.89,5.86,64.12,coconut
36,22,30,27.34,66.56,6.36,77.45,coconut
48,28,18,29.78,68.23,5.72,60.78,coconut
42,24,22,28.12,65.78,6.44,80.12,coconut
46,26,26,27.89,67.45,5.92,71.45,coconut
38,20,28,29.45,69.34,6.26,53.78,coconut
50,30,20,28.67,64.12,5.82,83.12,coconut
44,22,24,27.23,66.89,6.38,66.45,coconut
36,28,30,29.12,68.56,5.76,58.78,coconut
48,24,18,28.45,65.23,6.52,74.12,coconut
42,26,22,27.56,67.78,6.12,81.45,coconut
46,20,26,29.78,69.45,5.94,69.78,coconut
38,30,28,28.23,64.56,6.42,52.12,coconut
50,22,20,27.78,66.34,5.98,84.45,coconut
100,80,40,24.52,72.34,6.78,112.45,papaya
105,75,42,25.18,70.89,6.42,98.67,papaya
95,82,38,23.89,74.56,7.12,125.34,papaya
110,78,44,24.78,71.23,6.58,105.12,papaya
98,85,36,25.45,73.89,6.95,118.78,papaya
102,76,40,23.56,75.34,7.28,132.45,papaya
108,80,42,24.12,70.45,6.35,92.67,papaya
92,84,38,25.89,72.78,6.72,127.34,papaya
115,77,44,23.34,74.12,7.15,100.89,papaya
96,82,36,24.67,71.56,6.48,121.56,papaya
104,79,40,25.23,73.23,6.85,109.23,papaya
88,86,42,23.78,75.89,7.38,134.78,papaya
112,75,38,24.45,70.67,6.55,95.45,papaya
94,83,44,25.12,72.34,6.92,124.12,papaya
106,78,36,23.67,74.56,7.22,114.67,papaya
90,81,40,24.89,71.89,6.42,130.34,papaya
118,76,42,25.56,73.45,6.78,88.89,papaya
100,84,38,23.23,75.12,7.08,128.56,papaya
108,80,44,24.34,70.23,6.35,97.23,papaya
92,82,36,25.78,72.56,6.65,119.89,papaya
114,77,40,23.45,74.89,7.42,107.56,papaya
96,85,42,24.12,71.34,6.52,133.23,papaya
102,79,38,25.67,73.67,6.88,102.89,papaya
86,83,44,23.89,75.56,7.32,136.45,papaya
110,76,36,24.56,70.89,6.45,93.12,papaya
94,81,40,25.34,72.23,6.82,122.78,papaya
106,84,42,23.12,74.78,7.18,116.45,papaya
88,78,38,24.78,71.45,6.55,131.12,papaya
116,80,44,25.45,73.12,6.98,90.78,papaya
98,86,36,23.56,75.34,7.35,126.45,papaya
104,77,40,24.23,70.67,6.38,104.12,papaya
90,82,42,25.89,72.89,6.75,137.78,papaya
112,79,38,23.34,74.23,7.12,98.45,papaya
96,83,44,24.67,71.78,6.48,120.12,papaya
108,81,36,25.23,73.56,6.92,113.78,papaya
100,85,40,23.78,75.67,7.28,129.45,papaya
92,76,42,24.45,70.34,6.35,87.12,papaya
114,80,38,25.12,72.67,6.72,125.78,papaya
98,84,44,23.45,74.45,7.15,101.45,papaya
106,78,36,24.89,71.12,6.58,117.12,papaya
88,82,40,25.56,73.78,6.95,135.78,papaya
110,79,42,23.12,75.45,7.38,95.45,papaya
96,86,38,24.34,70.78,6.42,123.12,papaya
102,77,44,25.78,72.34,6.78,107.78,papaya
94,83,36,23.67,74.67,7.22,131.45,papaya
108,81,40,24.12,71.23,6.55,89.12,papaya
100,85,42,25.45,73.89,6.92,127.78,papaya
92,78,38,23.89,75.12,7.35,103.45,papaya
114,80,44,24.56,70.56,6.38,118.12,papaya
88,84,36,25.23,72.78,6.75,134.78,papaya
106,76,40,23.34,74.34,7.18,96.45,papaya
96,82,42,24.78,71.67,6.52,121.12,papaya
112,79,38,25.67,73.45,6.88,115.78,papaya
98,83,44,23.56,75.78,7.42,133.45,papaya
104,81,36,24.23,70.45,6.35,91.12,papaya
90,85,40,25.89,72.12,6.72,126.78,papaya
108,77,42,23.78,74.89,7.08,99.45,papaya
100,84,38,24.45,71.34,6.48,119.12,papaya
116,80,44,25.12,73.23,6.85,111.78,papaya
94,86,36,23.23,75.56,7.38,136.45,papaya
102,78,40,24.89,70.89,6.55,93.12,papaya
110,82,42,25.56,72.45,6.92,124.78,papaya
96,79,38,23.45,74.12,7.22,116.45,papaya
88,83,44,24.12,71.78,6.42,132.12,papaya
114,81,36,25.78,73.67,6.78,88.78,papaya
100,85,40,23.34,75.34,7.15,128.45,papaya
108,76,42,24.67,70.23,6.35,97.12,papaya
92,80,38,25.34,72.89,6.65,120.78,papaya
106,84,44,23.89,74.56,7.42,108.45,papaya
98,78,36,24.56,71.45,6.52,134.12,papaya
104,82,40,25.12,73.78,6.88,103.78,papaya
90,79,42,23.56,75.12,7.32,137.45,papaya
112,83,38,24.34,70.67,6.45,94.12,papaya
96,81,44,25.89,72.34,6.82,123.78,papaya
88,85,36,23.12,74.89,7.18,117.45,papaya
110,77,40,24.78,71.56,6.55,131.12,papaya
118,80,42,25.45,73.12,6.98,91.78,papaya
100,86,38,23.78,75.67,7.35,127.45,papaya
94,76,44,24.12,70.34,6.38,105.12,papaya
106,84,36,25.67,72.78,6.75,138.78,papaya
98,78,40,23.45,74.45,7.12,99.45,papaya
108,82,42,24.89,71.23,6.48,118.12,papaya
92,80,38,25.23,73.56,6.92,114.78,papaya
114,79,44,23.67,75.23,7.28,130.45,papaya
96,83,36,24.34,70.78,6.35,87.12,papaya
104,81,40,25.78,72.56,6.72,126.78,papaya
100,85,42,23.12,74.12,7.15,102.45,papaya
88,77,38,24.67,71.67,6.58,117.12,papaya
110,80,44,25.34,73.34,6.95,136.78,papaya
98,84,36,23.89,75.45,7.38,96.45,papaya
106,78,40,24.45,70.56,6.42,124.12,papaya
20,30,10,26.58,68.23,5.42,45.12,orange
22,28,12,25.34,66.78,5.89,52.34,orange
18,32,8,27.12,69.45,5.65,38.67,orange
24,26,14,26.89,67.12,6.12,48.89,orange
16,34,10,25.67,70.23,5.34,55.23,orange
20,30,12,27.45,68.56,5.78,42.56,orange
22,28,8,26.23,65.89,6.24,36.89,orange
18,36,14,25.12,69.78,5.48,56.34,orange
24,32,10,27.78,67.45,5.92,40.12,orange
16,26,12,26.45,70.56,5.56,50.67,orange
20,34,8,25.89,66.23,6.18,34.23,orange
22,30,14,27.34,68.89,5.72,58.45,orange
18,28,10,26.67,69.12,5.38,44.78,orange
24,36,12,25.45,67.78,6.08,46.12,orange
16,32,8,27.89,70.34,5.62,32.56,orange
20,26,14,26.12,65.45,5.86,54.89,orange
22,34,10,25.78,68.67,6.28,48.23,orange
18,30,12,27.56,69.56,5.52,38.56,orange
24,28,8,26.34,67.23,5.98,42.89,orange
16,36,14,25.23,70.89,5.42,57.23,orange
20,32,10,27.67,66.56,6.14,36.56,orange
22,26,12,26.78,68.12,5.68,52.89,orange
18,34,8,25.56,69.78,5.34,30.23,orange
24,30,14,27.12,67.45,6.24,60.56,orange
16,28,10,26.45,70.12,5.78,44.89,orange
20,36,12,25.34,66.78,5.48,50.23,orange
22,32,8,27.89,68.45,6.12,34.56,orange
18,26,14,26.23,69.34,5.62,56.89,orange
24,34,10,25.78,67.12,5.92,40.23,orange
16,30,12,27.45,70.67,5.36,48.56,orange
20,28,8,26.56,65.89,6.18,32.89,orange
22,36,14,25.12,68.23,5.72,58.23,orange
18,32,10,27.34,69.56,5.46,44.56,orange
24,26,12,26.89,67.89,6.08,46.89,orange
16,34,8,25.67,70.23,5.58,30.23,orange
20,30,14,27.78,66.45,5.86,54.56,orange
22,28,10,26.12,68.78,6.24,48.89,orange
18,36,12,25.45,69.12,5.52,38.23,orange
24,32,8,27.56,67.56,5.98,42.56,orange
16,26,14,26.34,70.45,5.42,56.89,orange
20,34,10,25.89,66.12,6.14,36.23,orange
22,30,12,27.23,68.34,5.68,52.56,orange
18,28,8,26.67,69.89,5.34,30.89,orange
24,36,14,25.34,67.45,6.24,60.23,orange
16,32,10,27.78,70.56,5.78,44.56,orange
20,26,12,26.45,65.78,5.48,50.89,orange
22,34,8,25.23,68.12,6.12,34.23,orange
18,30,14,27.89,69.67,5.62,56.56,orange
24,28,10,26.12,67.23,5.92,40.89,orange
16,36,12,25.78,70.34,5.36,48.23,orange
20,32,8,27.34,66.56,6.18,32.56,orange
22,26,14,26.89,68.89,5.72,58.89,orange
18,34,10,25.56,69.45,5.46,44.23,orange
24,30,12,27.67,67.12,6.08,46.56,orange
16,28,8,26.23,70.78,5.58,30.56,orange
20,36,14,25.12,66.34,5.86,54.23,orange
22,32,10,27.45,68.67,6.24,48.56,orange
18,26,12,26.78,69.34,5.52,38.89,orange
24,34,8,25.34,67.89,5.98,42.23,orange
16,30,14,27.89,70.12,5.42,56.56,orange
20,28,10,26.45,65.67,6.14,36.89,orange
22,36,12,25.78,68.23,5.68,52.23,orange
18,32,8,27.12,69.78,5.34,30.56,orange
24,26,14,26.67,67.56,6.24,60.89,orange
16,34,10,25.45,70.45,5.78,44.23,orange
20,30,12,27.56,66.89,5.48,50.56,orange
22,28,8,26.23,68.34,6.12,34.89,orange
18,36,14,25.89,69.12,5.62,56.23,orange
24,32,10,27.34,67.78,5.92,40.56,orange
16,26,12,26.56,70.34,5.36,48.89,orange
20,34,8,25.12,66.12,6.18,32.23,orange
22,30,14,27.78,68.56,5.72,58.56,orange
18,28,10,26.89,69.89,5.46,44.89,orange
24,36,12,25.23,67.23,6.08,46.23,orange
16,32,8,27.67,70.67,5.58,30.89,orange
20,26,14,26.34,65.45,5.86,54.56,orange
22,34,10,25.56,68.78,6.24,48.23,orange
18,30,12,27.45,69.23,5.52,38.56,orange
24,28,8,26.78,67.56,5.98,42.89,orange
16,36,14,25.34,70.12,5.42,57.23,orange
20,32,10,27.12,66.89,6.14,36.56,orange
22,26,12,26.45,68.45,5.68,52.89,orange
18,34,8,25.78,69.56,5.34,31.23,orange
24,30,14,27.89,67.12,6.24,59.56,orange
16,28,10,26.23,70.78,5.78,44.89,orange
20,36,12,25.67,66.34,5.48,51.23,orange
22,32,8,27.34,68.67,6.12,35.56,orange
18,26,14,26.89,69.34,5.62,55.89,orange
24,34,10,25.12,67.89,5.92,41.23,orange
16,30,12,27.78,70.45,5.36,49.56,orange
20,28,8,26.56,65.12,6.18,33.89,orange
22,36,14,25.45,68.78,5.72,57.23,orange
18,32,10,27.23,69.45,5.46,43.56,orange
24,26,12,26.78,67.23,6.08,47.89,orange
40,67,40,9.16,20.12,6.22,112.45,apple
35,62,38,8.45,22.34,6.58,128.67,apple
45,72,42,10.23,18.56,5.95,98.34,apple
38,65,36,9.78,21.23,6.42,135.12,apple
42,70,44,8.89,19.67,5.78,105.78,apple
36,68,40,10.45,23.12,6.65,120.34,apple
48,63,38,9.34,17.45,6.18,92.56,apple
40,74,42,8.12,20.89,5.52,140.23,apple
34,66,36,10.67,22.56,6.88,115.67,apple
46,71,44,9.56,18.34,5.72,100.12,apple
38,64,40,8.78,21.67,6.35,132.45,apple
44,69,38,10.12,19.23,6.08,108.89,apple
36,73,42,9.23,23.45,5.88,95.34,apple
42,67,36,8.56,17.89,6.52,138.12,apple
48,62,44,10.89,20.45,5.65,110.56,apple
34,70,40,9.45,22.78,6.78,125.23,apple
40,65,38,8.34,18.12,6.22,88.67,apple
46,68,42,10.56,19.56,5.42,142.34,apple
38,72,36,9.12,21.34,6.68,118.78,apple
44,63,44,8.78,23.89,5.95,102.45,apple
36,74,40,10.34,17.67,6.45,130.12,apple
42,66,38,9.67,20.23,5.78,112.56,apple
48,69,42,8.23,22.12,6.15,96.89,apple
34,71,36,10.78,18.78,6.58,136.23,apple
40,64,44,9.45,19.45,5.52,106.67,apple
46,73,40,8.67,21.89,6.82,122.34,apple
38,67,38,10.12,23.23,5.68,90.78,apple
44,62,42,9.34,17.56,6.38,144.12,apple
36,70,36,8.89,20.67,5.92,116.45,apple
42,65,44,10.56,22.34,6.12,104.89,apple
48,68,40,9.23,18.89,5.48,128.23,apple
34,72,38,8.45,19.12,6.72,114.56,apple
40,63,42,10.67,21.56,5.85,92.89,apple
46,74,36,9.78,23.67,6.28,134.23,apple
38,66,44,8.12,17.34,5.62,108.67,apple
44,71,40,10.34,20.78,6.95,124.12,apple
36,64,38,9.56,22.45,5.38,88.45,apple
42,69,42,8.78,18.67,6.55,142.78,apple
48,73,36,10.12,19.89,5.75,118.12,apple
34,67,44,9.23,23.12,6.22,100.56,apple
40,62,40,8.56,17.78,6.48,132.89,apple
46,70,38,10.89,20.34,5.58,110.23,apple
38,65,42,9.45,22.67,6.85,126.67,apple
44,68,36,8.34,18.23,5.95,94.12,apple
36,72,44,10.56,19.56,6.15,138.45,apple
42,63,40,9.12,21.78,5.72,106.78,apple
48,74,38,8.67,23.34,6.62,90.12,apple
34,66,42,10.78,17.45,5.45,146.34,apple
40,71,36,9.45,20.12,6.78,120.67,apple
46,64,44,8.23,22.78,5.82,102.12,apple
38,69,40,10.34,18.56,6.38,130.45,apple
44,73,38,9.67,19.23,5.55,112.78,apple
36,67,42,8.89,21.45,6.72,96.12,apple
42,62,36,10.12,23.89,5.88,136.45,apple
48,70,44,9.34,17.67,6.18,104.78,apple
34,65,40,8.45,20.34,5.52,128.12,apple
40,68,38,10.67,22.12,6.88,116.45,apple
46,72,42,9.78,18.78,5.68,88.78,apple
38,63,36,8.12,19.45,6.35,144.12,apple
44,74,44,10.45,21.12,5.42,122.56,apple
36,66,40,9.23,23.56,6.65,98.89,apple
42,71,38,8.56,17.23,5.95,134.23,apple
48,64,42,10.89,20.89,6.28,108.56,apple
34,69,36,9.12,22.45,5.62,126.89,apple
40,73,44,8.78,18.12,6.82,92.23,apple
46,67,40,10.45,19.78,5.48,140.56,apple
38,62,38,9.34,21.34,6.55,114.89,apple
44,70,42,8.23,23.67,5.78,100.23,apple
36,65,36,10.78,17.89,6.42,138.56,apple
42,68,44,9.56,20.56,5.58,110.89,apple
48,72,40,8.67,22.23,6.75,94.23,apple
34,63,38,10.34,18.45,5.38,146.56,apple
40,74,42,9.12,19.12,6.62,120.89,apple
46,66,36,8.45,21.78,5.82,104.23,apple
38,71,44,10.67,23.34,6.22,128.56,apple
44,64,40,9.78,17.56,5.95,116.89,apple
36,69,38,8.34,20.23,6.48,86.23,apple
42,73,42,10.12,22.89,5.72,142.56,apple
48,67,36,9.23,18.67,6.38,106.89,apple
34,62,44,8.78,19.34,5.55,130.23,apple
40,70,40,10.56,21.45,6.85,118.56,apple
46,65,38,9.45,23.12,5.42,96.89,apple
38,68,42,8.12,17.78,6.65,136.23,apple
44,72,36,10.34,20.45,5.82,112.56,apple
36,63,44,9.67,22.56,6.12,92.89,apple
42,74,40,8.56,18.34,5.58,144.23,apple
48,66,38,10.78,19.67,6.78,108.56,apple
34,71,42,9.34,21.89,5.45,126.89,apple
40,64,36,8.89,23.45,6.55,94.23,apple
46,69,44,10.23,17.12,5.72,140.56,apple
38,73,40,9.12,20.78,6.35,114.89,apple
44,67,38,8.45,22.34,5.92,100.23,apple
36,62,42,10.56,18.89,6.62,138.56,apple
42,70,36,9.78,19.56,5.48,110.89,apple
48,65,44,8.34,21.23,6.88,96.23,apple
34,68,40,10.89,23.78,5.65,148.56,apple
40,72,38,9.23,17.45,6.22,122.89,apple
46,63,42,8.67,20.12,5.82,102.23,apple
38,74,36,10.45,22.67,6.45,128.56,apple
44,66,44,9.56,18.23,5.95,116.89,apple
35,45,45,22.67,82.34,6.45,95.12,muskmelon
30,48,42,23.12,84.56,6.82,88.34,muskmelon
40,42,48,21.89,80.78,6.18,102.67,muskmelon
32,50,44,22.45,83.23,6.65,92.45,muskmelon
38,44,46,23.78,81.45,5.95,98.78,muskmelon
34,52,40,21.34,85.12,7.12,85.12,muskmelon
42,46,50,22.89,82.67,6.38,106.34,muskmelon
30,40,42,23.56,84.34,6.78,90.56,muskmelon
36,54,48,21.67,80.23,5.85,100.89,muskmelon
28,48,44,22.12,83.78,7.22,82.23,muskmelon
44,42,46,23.34,81.89,6.52,108.56,muskmelon
32,50,40,21.78,85.45,6.95,86.78,muskmelon
38,44,50,22.56,82.12,6.28,104.12,muskmelon
34,46,42,23.89,84.67,5.72,93.45,muskmelon
40,52,48,21.23,80.56,7.18,96.78,muskmelon
30,40,44,22.67,83.34,6.42,88.12,muskmelon
36,48,46,23.12,81.23,6.85,102.45,muskmelon
42,54,40,21.56,85.78,5.98,84.67,muskmelon
28,42,50,22.34,82.45,7.28,78.89,muskmelon
44,46,42,23.78,84.12,6.58,110.23,muskmelon
32,50,48,21.89,80.67,6.12,94.56,muskmelon
38,44,44,22.45,83.56,6.72,100.78,muskmelon
34,52,46,23.34,81.78,5.88,86.12,muskmelon
40,40,40,21.67,85.23,7.15,98.45,muskmelon
30,48,50,22.78,82.89,6.48,80.67,muskmelon
36,42,42,23.56,84.45,6.35,104.89,muskmelon
42,46,48,21.12,80.34,6.92,96.23,muskmelon
28,54,44,22.89,83.12,5.78,76.45,muskmelon
44,50,46,23.45,81.56,7.25,112.78,muskmelon
32,44,40,21.34,85.67,6.62,88.12,muskmelon
38,40,50,22.67,82.23,6.08,102.34,muskmelon
34,48,42,23.12,84.78,5.92,92.56,muskmelon
40,52,48,21.78,80.45,7.38,100.78,muskmelon
30,42,44,22.45,83.34,6.45,82.12,muskmelon
36,46,46,23.67,81.12,6.78,106.34,muskmelon
42,54,40,21.23,85.89,5.85,84.56,muskmelon
28,50,50,22.56,82.56,7.22,78.78,muskmelon
44,44,42,23.89,84.23,6.52,110.12,muskmelon
32,40,48,21.67,80.78,6.15,94.34,muskmelon
38,48,44,22.12,83.67,6.95,100.56,muskmelon
34,42,46,23.34,81.34,5.72,86.78,muskmelon
40,46,40,21.89,85.45,7.18,98.12,muskmelon
30,54,50,22.78,82.12,6.35,80.34,muskmelon
36,50,42,23.56,84.56,6.68,104.56,muskmelon
42,44,48,21.12,80.23,6.88,96.78,muskmelon
28,40,44,22.34,83.89,5.82,76.12,muskmelon
44,48,46,23.78,81.67,7.28,112.34,muskmelon
32,52,40,21.45,85.12,6.55,88.56,muskmelon
38,46,50,22.89,82.78,6.12,102.78,muskmelon
34,42,42,23.23,84.34,5.95,92.12,muskmelon
40,54,48,21.78,80.56,7.42,100.34,muskmelon
30,44,44,22.56,83.45,6.42,82.56,muskmelon
36,40,46,23.45,81.23,6.82,106.78,muskmelon
42,48,40,21.34,85.78,5.88,84.12,muskmelon
28,52,50,22.78,82.34,7.15,78.34,muskmelon
44,46,42,23.12,84.67,6.58,110.56,muskmelon
32,42,48,21.67,80.45,6.18,94.78,muskmelon
38,50,44,22.34,83.56,6.98,100.12,muskmelon
34,44,46,23.56,81.78,5.75,86.34,muskmelon
40,40,40,21.12,85.34,7.35,98.56,muskmelon
30,48,50,22.89,82.67,6.48,80.78,muskmelon
36,54,42,23.34,84.12,6.32,104.12,muskmelon
42,42,48,21.56,80.89,6.92,96.34,muskmelon
28,46,44,22.12,83.23,5.82,76.56,muskmelon
44,50,46,23.78,81.45,7.22,112.78,muskmelon
32,44,40,21.89,85.56,6.65,88.12,muskmelon
38,52,50,22.45,82.12,6.08,102.34,muskmelon
34,40,42,23.12,84.78,5.98,92.56,muskmelon
40,48,48,21.34,80.34,7.38,100.78,muskmelon
30,42,44,22.78,83.89,6.42,82.12,muskmelon
36,46,46,23.67,81.56,6.78,106.34,muskmelon
42,54,40,21.78,85.23,5.88,84.56,muskmelon
28,50,50,22.23,82.45,7.25,78.78,muskmelon
44,44,42,23.45,84.34,6.55,110.12,muskmelon
32,48,48,21.56,80.67,6.12,94.34,muskmelon
38,42,44,22.67,83.12,6.95,100.56,muskmelon
34,46,46,23.34,81.89,5.78,86.78,muskmelon
40,52,40,21.89,85.67,7.15,98.12,muskmelon
30,40,50,22.12,82.23,6.38,80.34,muskmelon
36,48,42,23.78,84.45,6.72,104.56,muskmelon
42,44,48,21.23,80.56,6.88,96.78,muskmelon
28,54,44,22.56,83.78,5.85,76.12,muskmelon
44,42,46,23.12,81.23,7.32,112.34,muskmelon
32,46,40,21.67,85.89,6.58,88.56,muskmelon
38,50,50,22.34,82.67,6.08,102.78,muskmelon
34,48,42,23.56,84.12,5.92,92.12,muskmelon
40,44,48,21.45,80.78,7.42,100.34,muskmelon
30,52,44,22.89,83.34,6.45,82.56,muskmelon
36,40,46,23.23,81.67,6.85,106.78,muskmelon
42,46,40,21.12,85.45,5.92,84.12,muskmelon
28,48,50,22.67,82.89,7.18,78.34,muskmelon
44,54,42,23.78,84.56,6.52,110.56,muskmelon
32,42,48,21.34,80.34,6.22,94.78,muskmelon
38,44,44,22.12,83.67,6.98,100.12,muskmelon
20,17,30,27.23,94.12,7.18,202.45,watermelon
25,14,28,26.78,92.45,6.85,185.34,watermelon
18,20,32,28.12,96.23,7.42,215.67,watermelon
22,16,26,27.56,93.78,6.52,195.12,watermelon
30,18,34,26.34,95.45,7.08,208.89,watermelon
20,22,30,28.45,94.67,6.65,190.23,watermelon
24,14,28,27.89,91.23,7.35,220.56,watermelon
16,20,32,26.56,96.78,6.38,178.34,watermelon
28,16,26,28.23,93.12,6.92,205.67,watermelon
22,24,34,27.12,95.89,7.22,192.12,watermelon
20,18,30,26.89,94.34,6.48,212.45,watermelon
26,14,28,28.56,92.67,7.15,182.78,watermelon
18,22,32,27.34,96.45,6.72,198.12,watermelon
24,16,26,26.12,93.56,6.88,225.34,watermelon
30,20,34,28.78,95.12,7.42,175.67,watermelon
20,24,30,27.45,94.78,6.55,210.12,watermelon
22,14,28,26.67,91.89,7.08,188.45,watermelon
26,18,32,28.12,96.34,6.35,202.78,watermelon
16,22,26,27.89,93.45,6.95,222.12,watermelon
28,16,34,26.34,95.67,7.28,180.45,watermelon
20,20,30,28.45,94.12,6.42,215.78,watermelon
24,14,28,27.23,92.78,7.18,186.12,watermelon
18,24,32,26.78,96.56,6.68,200.45,watermelon
30,18,26,28.56,93.23,6.82,228.78,watermelon
22,22,34,27.12,95.34,7.38,172.12,watermelon
20,16,30,26.45,94.89,6.55,218.45,watermelon
26,20,28,28.23,91.56,7.12,184.78,watermelon
16,14,32,27.67,96.12,6.32,205.12,watermelon
28,24,26,26.89,93.67,6.98,224.45,watermelon
24,18,34,28.78,95.78,7.45,176.78,watermelon
20,22,30,27.34,94.45,6.48,212.12,watermelon
22,16,28,26.12,92.12,7.22,190.45,watermelon
30,14,32,28.45,96.34,6.72,198.78,watermelon
18,20,26,27.89,93.89,6.85,226.12,watermelon
26,24,34,26.56,95.56,7.35,174.45,watermelon
20,18,30,28.12,94.23,6.38,216.78,watermelon
24,22,28,27.45,91.78,7.08,188.12,watermelon
16,16,32,26.78,96.67,6.62,202.45,watermelon
28,14,26,28.34,93.34,6.92,228.78,watermelon
22,20,34,27.12,95.12,7.42,178.12,watermelon
20,24,30,26.89,94.56,6.52,214.45,watermelon
26,18,28,28.56,92.45,7.15,186.78,watermelon
18,16,32,27.67,96.23,6.35,200.12,watermelon
30,22,26,26.34,93.78,6.88,230.45,watermelon
24,14,34,28.78,95.89,7.28,170.78,watermelon
20,20,30,27.23,94.34,6.45,218.12,watermelon
22,24,28,26.56,91.12,7.18,192.45,watermelon
28,18,32,28.12,96.56,6.72,196.78,watermelon
16,22,26,27.89,93.45,6.82,224.12,watermelon
26,16,34,26.45,95.23,7.38,176.45,watermelon
20,14,30,28.45,94.67,6.55,220.78,watermelon
24,20,28,27.34,92.78,7.12,184.12,watermelon
18,24,32,26.78,96.34,6.32,204.45,watermelon
30,18,26,28.67,93.12,6.98,232.78,watermelon
22,22,34,27.12,95.67,7.45,172.12,watermelon
20,16,30,26.89,94.23,6.48,216.45,watermelon
26,14,28,28.23,91.56,7.22,190.78,watermelon
16,20,32,27.56,96.78,6.68,198.12,watermelon
28,24,26,26.34,93.89,6.85,226.45,watermelon
24,18,34,28.78,95.34,7.35,174.78,watermelon
20,22,30,27.45,94.78,6.42,214.12,watermelon
22,16,28,26.56,92.23,7.08,188.45,watermelon
30,14,32,28.34,96.45,6.75,200.78,watermelon
18,20,26,27.89,93.67,6.92,228.12,watermelon
26,24,34,26.78,95.12,7.42,176.45,watermelon
20,18,30,28.12,94.34,6.38,218.78,watermelon
24,22,28,27.23,91.78,7.15,186.12,watermelon
16,16,32,26.67,96.56,6.58,202.45,watermelon
28,14,26,28.56,93.23,6.95,230.78,watermelon
22,20,34,27.12,95.89,7.28,170.12,watermelon
20,24,30,26.89,94.45,6.52,216.45,watermelon
26,18,28,28.45,92.56,7.18,184.78,watermelon
18,16,32,27.78,96.12,6.32,200.12,watermelon
30,22,26,26.23,93.78,6.88,232.45,watermelon
24,14,34,28.89,95.45,7.42,172.78,watermelon
20,20,30,27.34,94.12,6.45,220.12,watermelon
22,24,28,26.56,91.34,7.22,194.45,watermelon
28,18,32,28.23,96.67,6.72,198.78,watermelon
16,22,26,27.67,93.56,6.82,226.12,watermelon
26,16,34,26.34,95.34,7.35,178.45,watermelon
20,14,30,28.78,94.89,6.55,222.78,watermelon
24,20,28,27.12,92.45,7.08,186.12,watermelon
18,24,32,26.89,96.23,6.32,206.45,watermelon
30,18,26,28.56,93.12,6.98,234.78,watermelon
22,22,34,27.45,95.78,7.45,174.12,watermelon
20,16,30,26.78,94.34,6.48,218.45,watermelon
26,14,28,28.12,91.67,7.15,192.78,watermelon
16,20,32,27.89,96.45,6.62,200.12,watermelon
28,24,26,26.45,93.89,6.85,228.45,watermelon
24,18,34,28.67,95.56,7.38,176.78,watermelon
20,22,30,27.23,94.67,6.42,216.12,watermelon
22,16,28,26.56,92.12,7.08,190.45,watermelon
30,14,32,28.34,96.78,6.75,202.78,watermelon
18,20,26,27.78,93.34,6.92,230.12,watermelon
26,24,34,26.89,95.23,7.42,178.45,watermelon
100,18,30,22.45,88.34,6.82,48.12,grapes
105,15,28,21.89,85.67,7.15,42.34,grapes
95,22,32,23.12,90.56,6.48,55.67,grapes
110,20,26,22.67,87.23,6.95,38.89,grapes
98,24,34,21.34,89.12,7.38,52.23,grapes
102,16,30,23.56,86.45,6.62,45.56,grapes
108,14,28,22.23,91.78,7.22,60.89,grapes
92,18,32,21.78,88.67,6.78,35.12,grapes
112,22,26,23.89,85.34,6.42,50.45,grapes
96,20,34,22.12,90.12,7.08,58.78,grapes
104,16,30,21.56,87.56,6.55,40.12,grapes
88,24,28,23.34,89.45,7.32,54.45,grapes
114,14,32,22.89,86.78,6.38,62.78,grapes
100,18,26,21.45,91.23,6.92,36.12,grapes
106,22,34,23.67,88.12,7.18,48.45,grapes
94,20,30,22.34,85.89,6.68,56.78,grapes
110,16,28,21.12,90.34,7.42,32.12,grapes
98,24,32,23.45,87.67,6.45,52.45,grapes
102,14,26,22.78,89.56,6.85,44.78,grapes
108,18,34,21.67,86.23,7.15,60.12,grapes
92,22,30,23.12,91.45,6.52,38.45,grapes
112,20,28,22.45,88.78,6.98,50.78,grapes
96,16,32,21.34,85.56,7.28,56.12,grapes
104,24,26,23.78,90.67,6.38,34.45,grapes
88,14,34,22.56,87.34,6.75,62.78,grapes
114,18,30,21.89,89.23,7.08,40.12,grapes
100,22,28,23.23,86.56,6.62,48.45,grapes
106,20,32,22.12,91.78,7.35,54.78,grapes
94,16,26,21.56,88.45,6.48,58.12,grapes
110,24,34,23.45,85.12,6.88,30.45,grapes
98,14,30,22.89,90.23,7.22,52.78,grapes
102,18,28,21.34,87.89,6.55,44.12,grapes
108,22,32,23.67,89.67,6.92,60.45,grapes
92,20,26,22.23,86.34,7.15,36.78,grapes
112,16,34,21.78,91.12,6.35,48.12,grapes
96,24,30,23.12,88.56,6.78,56.45,grapes
104,14,28,22.45,85.23,7.42,32.78,grapes
88,18,32,21.89,90.45,6.42,64.12,grapes
114,22,26,23.56,87.12,6.95,38.45,grapes
100,20,34,22.67,89.78,7.28,50.78,grapes
106,16,30,21.12,86.67,6.58,44.12,grapes
98,24,28,23.34,91.34,6.82,58.45,grapes
102,14,32,22.78,88.23,7.18,34.78,grapes
108,18,26,21.45,85.89,6.45,52.12,grapes
92,22,34,23.89,90.56,6.88,62.45,grapes
112,20,30,22.12,87.45,7.35,40.78,grapes
96,16,28,21.67,89.12,6.55,48.12,grapes
104,24,32,23.23,86.78,6.92,56.45,grapes
88,14,26,22.56,91.23,7.22,30.78,grapes
114,18,34,21.89,88.67,6.38,64.12,grapes
100,22,30,23.34,85.34,6.78,38.45,grapes
106,20,28,22.12,90.12,7.08,50.78,grapes
94,16,32,21.45,87.56,6.48,58.12,grapes
110,24,26,23.78,89.45,7.32,32.45,grapes
98,14,34,22.67,86.23,6.62,64.78,grapes
102,18,30,21.34,91.78,6.95,42.12,grapes
108,22,28,23.56,88.45,7.18,54.45,grapes
92,20,32,22.89,85.12,6.35,60.78,grapes
112,16,26,21.78,90.34,6.82,36.12,grapes
96,24,34,23.12,87.89,7.42,48.45,grapes
104,14,30,22.45,89.56,6.45,56.78,grapes
88,18,28,21.12,86.67,6.88,30.12,grapes
114,22,32,23.67,91.45,7.15,64.45,grapes
100,20,26,22.34,88.12,6.52,40.78,grapes
106,16,34,21.89,85.78,6.98,52.12,grapes
94,24,30,23.23,90.67,6.68,58.45,grapes
110,14,28,22.56,87.34,7.28,34.78,grapes
98,18,32,21.67,89.23,6.42,62.12,grapes
102,22,26,23.89,86.56,6.82,38.45,grapes
108,20,34,22.12,91.12,7.38,50.78,grapes
92,16,30,21.45,88.78,6.55,56.12,grapes
112,24,28,23.34,85.45,6.92,32.45,grapes
96,14,32,22.78,90.23,7.15,64.78,grapes
104,18,26,21.23,87.12,6.38,42.12,grapes
88,22,34,23.67,89.89,6.78,60.45,grapes
114,20,30,22.45,86.34,7.08,36.78,grapes
100,16,28,21.89,91.56,6.48,48.12,grapes
106,24,32,23.12,88.23,6.88,54.45,grapes
94,14,26,22.34,85.67,7.22,62.78,grapes
110,18,34,21.12,90.45,6.62,30.12,grapes
98,22,30,23.56,87.78,6.95,42.45,grapes
102,20,28,22.67,89.12,7.35,54.78,grapes
108,16,32,21.34,86.45,6.52,58.12,grapes
92,24,26,23.89,91.34,6.82,34.45,grapes
112,14,34,22.78,88.67,7.18,66.78,grapes
96,18,30,21.56,85.34,6.38,40.12,grapes
104,22,28,23.23,90.56,6.92,52.45,grapes
88,20,32,22.12,87.23,7.42,60.78,grapes
114,16,26,21.78,89.78,6.48,36.12,grapes
100,24,34,23.45,86.12,6.78,48.45,grapes
106,14,30,22.89,91.45,7.15,56.78,grapes
94,18,28,21.23,88.34,6.55,32.12,grapes
110,22,32,23.67,85.89,6.92,64.45,grapes
98,20,26,22.34,90.12,7.28,38.78,grapes
60,55,44,23.00,82.32,7.84,263.96,mangoes
65,50,40,25.12,80.45,7.12,245.34,mangoes
55,58,48,24.34,84.67,6.58,280.12,mangoes
70,52,42,22.89,81.23,7.45,238.67,mangoes
58,56,46,25.67,83.56,6.95,270.45,mangoes
62,48,38,23.45,80.78,7.28,252.12,mangoes
68,54,44,24.78,85.12,6.42,235.78,mangoes
52,60,40,22.12,82.45,7.72,288.34,mangoes
72,50,48,25.34,81.67,6.78,242.56,mangoes
56,58,42,23.89,84.23,7.15,275.12,mangoes
64,52,46,24.56,80.34,6.55,258.67,mangoes
60,56,38,22.67,83.78,7.38,232.34,mangoes
66,48,44,25.12,85.45,6.85,290.78,mangoes
54,54,40,23.34,81.12,7.62,248.12,mangoes
70,60,48,24.89,82.67,6.35,268.45,mangoes
58,50,42,22.45,84.34,7.18,254.78,mangoes
62,58,46,25.78,80.56,6.68,236.12,mangoes
68,52,38,23.67,83.23,7.45,282.45,mangoes
52,56,44,24.12,85.78,6.42,244.78,mangoes
72,48,40,22.89,81.45,7.75,262.12,mangoes
56,54,48,25.45,82.12,6.92,278.45,mangoes
64,60,42,23.12,84.56,7.08,240.78,mangoes
60,50,46,24.67,80.23,6.48,296.12,mangoes
66,58,38,22.34,83.67,7.32,250.45,mangoes
54,52,44,25.89,85.34,6.78,264.78,mangoes
70,56,40,23.56,81.78,7.55,230.12,mangoes
58,48,48,24.23,82.45,6.35,286.45,mangoes
62,54,42,22.78,84.12,7.22,256.78,mangoes
68,60,46,25.34,80.67,6.62,238.12,mangoes
52,50,38,23.89,83.34,7.48,294.45,mangoes
72,58,44,24.56,85.12,6.45,246.78,mangoes
56,52,40,22.12,81.56,7.72,272.12,mangoes
64,56,48,25.67,82.89,6.88,234.45,mangoes
60,48,42,23.45,84.45,7.15,292.78,mangoes
66,54,46,24.12,80.78,6.52,260.12,mangoes
54,60,38,22.89,83.12,7.38,248.45,mangoes
70,50,44,25.23,85.67,6.75,228.78,mangoes
58,58,40,23.67,81.34,7.55,284.12,mangoes
62,52,48,24.78,82.56,6.32,258.45,mangoes
68,56,42,22.34,84.78,7.22,242.78,mangoes
52,48,46,25.89,80.45,6.68,298.12,mangoes
72,54,38,23.12,83.56,7.48,252.45,mangoes
56,60,44,24.45,85.23,6.42,274.78,mangoes
64,50,40,22.67,81.12,7.72,236.12,mangoes
60,58,48,25.34,82.34,6.85,290.45,mangoes
66,52,42,23.78,84.67,7.08,244.78,mangoes
54,56,46,24.12,80.56,6.48,262.12,mangoes
70,48,38,22.45,83.89,7.35,230.45,mangoes
58,54,44,25.78,85.45,6.78,282.78,mangoes
62,60,40,23.34,81.67,7.58,256.12,mangoes
68,50,48,24.67,82.23,6.35,240.45,mangoes
52,58,42,22.12,84.12,7.18,296.78,mangoes
72,52,46,25.45,80.34,6.65,254.12,mangoes
56,56,38,23.89,83.78,7.42,276.45,mangoes
64,48,44,24.34,85.56,6.42,238.78,mangoes
60,54,40,22.78,81.45,7.75,288.12,mangoes
66,60,48,25.12,82.78,6.88,250.45,mangoes
54,50,42,23.56,84.34,7.12,266.78,mangoes
70,58,46,24.89,80.12,6.52,232.12,mangoes
58,52,38,22.34,83.45,7.38,298.45,mangoes
62,56,44,25.67,85.12,6.72,242.78,mangoes
68,48,40,23.12,81.78,7.55,278.12,mangoes
52,54,48,24.56,82.45,6.38,260.45,mangoes
72,60,42,22.89,84.56,7.22,244.78,mangoes
56,50,46,25.34,80.67,6.62,294.12,mangoes
64,58,38,23.67,83.23,7.48,252.45,mangoes
60,52,44,24.12,85.78,6.45,276.78,mangoes
66,56,40,22.45,81.34,7.72,234.12,mangoes
54,48,48,25.89,82.12,6.85,290.45,mangoes
70,54,42,23.23,84.89,7.08,248.78,mangoes
58,60,46,24.67,80.45,6.48,264.12,mangoes
62,50,38,22.12,83.67,7.35,230.45,mangoes
68,58,44,25.45,85.34,6.78,284.78,mangoes
52,52,40,23.78,81.56,7.58,258.12,mangoes
72,56,48,24.23,82.78,6.32,240.45,mangoes
56,48,42,22.67,84.23,7.18,296.78,mangoes
64,54,46,25.12,80.34,6.65,256.12,mangoes
60,60,38,23.45,83.56,7.42,278.45,mangoes
66,50,44,24.78,85.67,6.42,238.78,mangoes
54,58,40,22.89,81.12,7.75,292.12,mangoes
70,52,48,25.56,82.67,6.88,252.45,mangoes
58,56,42,23.12,84.45,7.12,268.78,mangoes
62,48,46,24.34,80.78,6.52,232.12,mangoes
68,54,38,22.45,83.34,7.38,300.45,mangoes
52,60,44,25.89,85.12,6.72,246.78,mangoes
72,50,40,23.67,81.45,7.55,282.12,mangoes
56,58,48,24.12,82.34,6.38,262.45,mangoes
64,52,42,22.78,84.78,7.22,244.78,mangoes
60,56,46,25.34,80.56,6.68,298.12,mangoes
66,48,38,23.45,83.12,7.48,254.45,mangoes
54,54,44,24.89,85.45,6.45,278.78,mangoes
70,60,40,22.12,81.67,7.72,236.12,mangoes
58,50,48,25.67,82.89,6.85,292.45,mangoes
62,58,42,23.34,84.23,7.08,250.78,mangoes
36,74,25,23.45,90.23,6.42,150.23,banana
40,78,28,24.12,88.45,6.78,142.56,banana
32,70,22,22.89,92.12,7.15,158.89,banana
44,82,30,23.78,87.34,6.35,136.12,banana
34,76,26,24.56,91.56,6.92,162.45,banana
42,72,24,22.34,89.78,7.28,148.78,banana
38,80,28,23.12,86.23,6.55,134.12,banana
30,68,22,24.89,93.45,7.45,166.45,banana
46,84,30,22.67,88.12,6.18,130.78,banana
36,74,26,23.45,90.67,6.82,156.12,banana
40,78,24,24.23,87.89,7.08,144.45,banana
34,72,28,22.56,92.34,6.42,160.78,banana
42,70,22,23.89,89.12,6.95,138.12,banana
38,82,30,24.67,86.56,7.35,128.45,banana
32,76,26,22.12,91.78,6.62,164.78,banana
44,80,24,23.34,88.45,6.48,132.12,banana
36,68,28,24.78,93.12,7.18,168.45,banana
40,84,22,22.89,87.67,6.78,146.78,banana
34,74,30,23.56,90.34,7.42,154.12,banana
42,78,26,24.12,86.12,6.32,126.45,banana
38,72,24,22.45,91.89,6.88,162.78,banana
30,70,28,23.78,89.45,7.15,170.12,banana
46,82,22,24.34,87.23,6.55,134.45,banana
36,76,30,22.67,92.67,6.92,152.78,banana
40,80,26,23.12,88.78,7.28,140.12,banana
34,68,24,24.89,90.12,6.42,166.45,banana
42,84,28,22.23,87.45,6.78,128.78,banana
38,74,22,23.67,91.23,7.08,158.12,banana
32,78,30,24.45,86.67,6.35,174.45,banana
44,72,26,22.78,92.45,6.95,136.78,banana
36,80,24,23.34,89.12,7.38,150.12,banana
40,70,28,24.12,87.89,6.62,142.45,banana
34,82,22,22.56,91.56,6.48,164.78,banana
42,76,30,23.89,88.34,7.22,130.12,banana
38,68,26,24.67,93.23,6.82,168.45,banana
30,84,24,22.12,87.12,6.55,172.78,banana
46,74,28,23.45,90.45,7.15,132.12,banana
36,78,22,24.23,86.78,6.38,156.45,banana
40,72,30,22.89,92.12,6.92,146.78,banana
34,80,26,23.56,89.67,7.32,140.12,banana
42,70,24,24.78,87.34,6.52,126.45,banana
38,82,28,22.34,91.78,6.78,160.78,banana
32,76,22,23.12,88.56,7.08,174.12,banana
44,68,30,24.45,93.45,6.35,134.45,banana
36,84,26,22.67,87.23,6.88,154.78,banana
40,74,24,23.78,90.78,7.28,148.12,banana
34,78,28,24.12,86.45,6.45,162.45,banana
42,72,22,22.45,92.34,6.95,138.78,banana
38,80,30,23.34,89.12,7.42,128.12,banana
30,70,26,24.89,87.78,6.62,170.45,banana
46,82,24,22.78,91.45,6.42,136.78,banana
36,76,28,23.56,88.23,7.18,152.12,banana
40,68,22,24.34,93.67,6.78,144.45,banana
34,84,30,22.12,87.45,6.32,166.78,banana
42,74,26,23.89,90.12,6.92,130.12,banana
38,78,24,24.67,86.34,7.35,160.45,banana
32,72,28,22.34,92.78,6.55,176.78,banana
44,80,22,23.12,89.56,6.48,132.12,banana
36,70,30,24.78,87.12,7.08,158.45,banana
40,82,26,22.89,91.23,6.82,146.78,banana
34,76,24,23.45,88.67,7.28,142.12,banana
42,68,28,24.23,93.12,6.38,126.45,banana
38,84,22,22.67,87.34,6.95,162.78,banana
30,74,30,23.78,90.56,7.45,172.12,banana
46,78,26,24.56,86.12,6.55,130.45,banana
36,72,24,22.12,92.45,6.78,156.78,banana
40,80,28,23.34,89.78,7.15,140.12,banana
34,70,22,24.89,87.56,6.42,168.45,banana
42,82,30,22.45,91.12,6.88,128.78,banana
38,76,26,23.67,88.34,7.32,158.12,banana
32,68,24,24.34,93.78,6.65,176.45,banana
44,84,28,22.78,87.12,6.48,134.78,banana
36,74,22,23.12,90.45,7.08,154.12,banana
40,78,30,24.67,86.67,6.35,144.45,banana
34,72,26,22.23,92.12,6.92,164.78,banana
42,80,24,23.89,89.34,7.38,130.12,banana
38,70,28,24.45,87.78,6.72,162.45,banana
30,82,22,22.56,91.56,6.55,174.78,banana
46,76,30,23.34,88.12,7.15,132.12,banana
36,68,26,24.78,93.34,6.82,156.45,banana
40,84,24,22.89,87.45,6.42,148.78,banana
34,74,28,23.56,90.78,7.28,140.12,banana
42,78,22,24.12,86.23,6.58,126.45,banana
38,72,30,22.34,92.67,6.95,164.78,banana
32,80,26,23.78,89.12,7.42,178.12,banana
44,70,24,24.56,87.67,6.35,134.45,banana
36,82,28,22.67,91.34,6.78,152.78,banana
40,76,22,23.12,88.56,7.08,146.12,banana
34,68,30,24.89,93.23,6.45,168.45,banana
42,84,26,22.12,87.34,6.92,128.78,banana
38,74,24,23.45,90.67,7.35,160.12,banana
30,78,28,24.34,86.78,6.62,176.45,banana
46,72,22,22.78,92.45,6.48,134.78,banana
36,80,30,23.67,89.23,7.18,154.12,banana
40,70,26,24.12,87.89,6.82,142.45,banana
34,82,24,22.45,91.67,6.38,166.78,banana
42,76,28,23.34,88.45,7.22,128.12,banana
38,68,22,24.78,93.56,6.72,162.45,banana
32,84,30,22.23,87.12,6.55,174.78,banana
44,74,26,23.89,90.34,7.08,132.12,banana
14,65,15,19.23,78.45,6.12,25.34,pomegranate
18,62,12,20.78,76.23,6.58,32.67,pomegranate
12,68,18,18.45,80.12,5.85,18.89,pomegranate
16,60,14,21.34,77.56,6.35,28.12,pomegranate
20,70,16,19.67,79.34,5.72,35.45,pomegranate
14,64,12,20.12,76.78,6.82,22.78,pomegranate
18,72,18,18.89,81.23,5.48,38.12,pomegranate
12,58,14,21.56,78.12,6.45,15.45,pomegranate
16,66,16,19.45,80.56,5.92,30.78,pomegranate
20,62,12,20.34,77.89,6.68,24.12,pomegranate
14,74,18,18.78,79.67,5.38,40.45,pomegranate
18,60,14,21.12,76.45,6.15,26.78,pomegranate
12,68,16,19.89,81.78,5.82,20.12,pomegranate
16,64,12,20.56,78.34,6.52,34.45,pomegranate
20,72,18,18.23,80.23,5.65,42.78,pomegranate
14,58,14,21.78,77.12,6.28,16.12,pomegranate
18,70,16,19.34,79.56,5.95,28.45,pomegranate
12,62,12,20.89,76.89,6.78,22.78,pomegranate
16,66,18,18.56,81.45,5.42,36.12,pomegranate
20,60,14,21.23,78.67,6.45,14.45,pomegranate
14,74,16,19.78,80.12,5.88,32.78,pomegranate
18,64,12,20.45,77.34,6.62,24.12,pomegranate
12,72,18,18.12,79.78,5.35,38.45,pomegranate
16,58,14,21.67,76.56,6.18,18.78,pomegranate
20,68,16,19.23,81.23,5.75,30.12,pomegranate
14,62,12,20.12,78.89,6.48,26.45,pomegranate
18,66,18,18.78,80.45,5.52,42.78,pomegranate
12,70,14,21.34,77.23,6.85,16.12,pomegranate
16,60,16,19.56,79.34,5.98,34.45,pomegranate
20,74,12,20.89,76.12,6.32,20.78,pomegranate
14,64,18,18.45,81.67,5.68,38.12,pomegranate
18,58,14,21.12,78.45,6.42,24.45,pomegranate
12,72,16,19.89,80.78,5.45,28.78,pomegranate
16,62,12,20.34,77.56,6.75,22.12,pomegranate
20,68,18,18.67,79.12,5.82,40.45,pomegranate
14,70,14,21.56,76.34,6.08,14.78,pomegranate
18,60,16,19.12,81.45,5.92,32.12,pomegranate
12,66,12,20.78,78.23,6.58,26.45,pomegranate
16,74,18,18.34,80.56,5.38,36.78,pomegranate
20,58,14,21.23,77.89,6.22,18.12,pomegranate
14,64,16,19.67,79.67,5.78,34.45,pomegranate
18,72,12,20.45,76.45,6.45,20.78,pomegranate
12,62,18,18.89,81.12,5.52,38.12,pomegranate
16,70,14,21.34,78.34,6.82,16.45,pomegranate
20,60,16,19.23,80.23,5.95,30.78,pomegranate
14,68,12,20.78,77.67,6.28,24.12,pomegranate
18,66,18,18.45,79.45,5.42,42.45,pomegranate
12,74,14,21.56,76.78,6.68,14.78,pomegranate
16,58,16,19.89,81.56,5.85,32.12,pomegranate
20,64,12,20.12,78.12,6.12,26.45,pomegranate
14,72,18,18.34,80.34,5.58,40.78,pomegranate
18,60,14,21.78,77.45,6.52,18.12,pomegranate
12,68,16,19.56,79.78,5.75,28.45,pomegranate
16,62,12,20.34,76.23,6.78,22.78,pomegranate
20,70,18,18.78,81.67,5.48,36.12,pomegranate
14,66,14,21.12,78.56,6.18,14.45,pomegranate
18,74,16,19.45,80.12,5.92,34.78,pomegranate
12,58,12,20.89,77.34,6.62,24.12,pomegranate
16,64,18,18.12,79.56,5.35,38.45,pomegranate
20,72,14,21.45,76.67,6.45,16.78,pomegranate
14,60,16,19.78,81.23,5.88,30.12,pomegranate
18,68,12,20.23,78.78,6.28,22.45,pomegranate
12,66,18,18.56,80.45,5.55,42.78,pomegranate
16,70,14,21.67,77.12,6.72,14.12,pomegranate
20,58,16,19.34,79.34,5.78,32.45,pomegranate
14,74,12,20.89,76.56,6.42,26.78,pomegranate
18,62,18,18.23,81.78,5.48,40.12,pomegranate
12,64,14,21.34,78.23,6.85,18.45,pomegranate
16,72,16,19.67,80.67,5.95,28.78,pomegranate
20,60,12,20.12,77.89,6.32,20.12,pomegranate
14,68,18,18.89,79.12,5.62,36.45,pomegranate
18,70,14,21.56,76.45,6.48,14.78,pomegranate
12,58,16,19.23,81.34,5.82,34.12,pomegranate
16,66,12,20.78,78.67,6.58,24.45,pomegranate
20,74,18,18.45,80.56,5.42,38.78,pomegranate
14,62,14,21.12,77.34,6.18,16.12,pomegranate
18,60,16,19.78,79.78,5.98,30.45,pomegranate
12,72,12,20.34,76.12,6.62,22.78,pomegranate
16,64,18,18.67,81.45,5.55,40.12,pomegranate
20,68,14,21.45,78.45,6.38,18.45,pomegranate
14,70,16,19.12,80.23,5.78,32.78,pomegranate
18,58,12,20.56,77.56,6.72,26.12,pomegranate
12,66,18,18.34,79.67,5.48,42.45,pomegranate
16,74,14,21.78,76.78,6.45,14.78,pomegranate
20,62,16,19.56,81.12,5.92,28.12,pomegranate
14,60,12,20.89,78.34,6.28,24.45,pomegranate
18,68,18,18.78,80.78,5.65,36.78,pomegranate
12,72,14,21.23,77.23,6.82,16.12,pomegranate
16,58,16,19.34,79.45,5.85,34.45,pomegranate
20,64,12,20.45,76.67,6.12,20.78,pomegranate
14,70,18,18.12,81.56,5.52,38.12,pomegranate
18,66,14,21.67,78.78,6.68,14.45,pomegranate
12,74,16,19.89,80.34,5.38,32.78,pomegranate
16,60,12,20.12,77.45,6.52,26.12,pomegranate
20,62,18,18.56,79.23,5.75,40.45,pomegranate
14,68,14,21.34,76.12,6.18,18.78,pomegranate
18,72,16,19.45,81.67,5.95,30.12,pomegranate
12,58,12,20.78,78.56,6.62,24.45,pomegranate
16,64,18,18.23,80.12,5.42,36.78,pomegranate
20,10,10,39.45,16.23,6.82,25.34,lentil
22,12,8,38.78,14.56,7.15,32.67,lentil
18,14,12,40.12,18.89,6.48,18.45,lentil
24,8,10,39.23,15.34,6.95,28.78,lentil
26,16,14,38.56,17.67,7.38,35.12,lentil
20,10,8,40.45,13.23,6.62,22.45,lentil
22,18,12,39.12,19.56,7.22,38.78,lentil
18,12,10,38.34,16.78,6.35,15.12,lentil
24,14,14,40.78,14.12,6.88,30.45,lentil
26,8,8,39.67,18.45,7.42,24.78,lentil
20,16,12,38.45,15.89,6.52,28.12,lentil
22,10,10,40.23,17.23,7.08,34.45,lentil
18,18,14,39.56,13.56,6.45,40.78,lentil
24,12,8,38.89,19.78,6.78,20.12,lentil
26,14,12,40.34,14.45,7.32,26.45,lentil
20,8,10,39.45,16.12,6.55,32.78,lentil
22,16,14,38.12,18.34,7.18,36.12,lentil
18,10,8,40.67,13.78,6.38,14.45,lentil
24,18,12,39.78,19.12,6.92,30.78,lentil
26,12,10,38.23,15.45,7.45,22.12,lentil
20,14,14,40.56,17.89,6.68,28.45,lentil
22,8,8,39.34,14.23,7.08,34.78,lentil
18,16,12,38.67,18.56,6.42,18.12,lentil
24,10,10,40.12,16.34,6.82,38.45,lentil
26,18,14,39.89,13.67,7.35,24.78,lentil
20,12,8,38.45,19.89,6.52,26.12,lentil
22,14,12,40.23,15.12,7.15,32.45,lentil
18,8,10,39.56,17.45,6.28,40.78,lentil
24,16,14,38.78,14.78,6.88,20.12,lentil
26,10,8,40.45,18.12,7.42,16.45,lentil
20,18,12,39.12,16.56,6.62,28.78,lentil
22,12,10,38.34,13.89,7.22,34.12,lentil
18,14,14,40.67,19.23,6.45,36.45,lentil
24,8,8,39.78,15.67,6.78,22.78,lentil
26,16,12,38.56,17.12,7.32,26.12,lentil
20,10,10,40.12,14.45,6.55,30.45,lentil
22,18,14,39.34,18.78,7.08,38.78,lentil
18,12,8,38.89,16.23,6.38,14.12,lentil
24,14,12,40.45,13.56,6.92,32.45,lentil
26,8,10,39.67,19.89,7.45,24.78,lentil
20,16,14,38.23,15.34,6.68,28.12,lentil
22,10,8,40.56,17.67,7.15,34.45,lentil
18,18,12,39.12,14.12,6.42,40.78,lentil
24,12,10,38.78,18.45,6.82,18.12,lentil
26,14,14,40.34,16.78,7.38,22.45,lentil
20,8,8,39.56,13.23,6.52,26.78,lentil
22,16,12,38.45,19.56,7.08,36.12,lentil
18,10,10,40.78,15.89,6.35,16.45,lentil
24,18,14,39.23,17.23,6.88,30.78,lentil
26,12,8,38.12,14.56,7.42,20.12,lentil
20,14,12,40.45,18.89,6.62,28.45,lentil
22,8,10,39.78,16.12,7.22,34.78,lentil
18,16,14,38.56,13.45,6.45,38.12,lentil
24,10,8,40.23,19.78,6.78,14.45,lentil
26,18,12,39.12,15.34,7.32,24.78,lentil
20,12,10,38.89,17.67,6.55,32.12,lentil
22,14,14,40.56,14.12,7.08,36.45,lentil
18,8,8,39.34,18.45,6.38,42.78,lentil
24,16,12,38.67,16.78,6.92,20.12,lentil
26,10,10,40.12,13.23,7.45,26.45,lentil
20,18,14,39.78,19.56,6.68,28.78,lentil
22,12,8,38.23,15.89,7.15,34.12,lentil
18,14,12,40.45,17.23,6.42,40.45,lentil
24,8,10,39.56,14.56,6.82,16.78,lentil
26,16,14,38.78,18.89,7.38,22.12,lentil
20,10,8,40.23,16.34,6.52,30.45,lentil
22,18,12,39.12,13.67,7.08,38.78,lentil
18,12,10,38.45,19.12,6.35,14.12,lentil
24,14,14,40.67,15.45,6.88,32.45,lentil
26,8,8,39.89,17.78,7.42,24.78,lentil
20,16,12,38.12,14.23,6.62,28.12,lentil
22,10,10,40.34,18.56,7.22,34.45,lentil
18,18,14,39.56,16.89,6.45,40.78,lentil
24,12,8,38.78,13.34,6.78,18.12,lentil
26,14,12,40.12,19.67,7.32,22.45,lentil
20,8,10,39.23,15.12,6.55,26.78,lentil
22,16,14,38.56,17.45,7.08,36.12,lentil
18,10,8,40.45,14.78,6.38,16.45,lentil
24,18,12,39.78,18.12,6.92,30.78,lentil
26,12,10,38.34,16.56,7.45,20.12,lentil
20,14,14,40.23,13.89,6.68,28.45,lentil
22,8,8,39.12,19.23,7.15,34.78,lentil
18,16,12,38.89,15.56,6.42,42.12,lentil
24,10,10,40.56,17.89,6.82,14.45,lentil
26,18,14,39.34,14.34,7.38,24.78,lentil
20,12,8,38.67,18.67,6.52,28.12,lentil
22,14,12,40.12,16.12,7.08,36.45,lentil
18,8,10,39.56,13.45,6.35,40.78,lentil
24,16,14,38.45,19.78,6.88,18.12,lentil
26,10,8,40.34,15.12,7.42,22.45,lentil
20,18,12,39.78,17.45,6.62,26.78,lentil
22,12,10,38.12,14.78,7.22,32.12,lentil
18,14,14,40.56,18.12,6.45,38.45,lentil
24,8,8,39.23,16.56,6.78,16.78,lentil
26,16,12,38.78,13.89,7.32,24.12,lentil
0,35,15,25.12,64.23,6.82,68.34,blackgram
5,32,12,24.89,62.56,7.18,75.67,blackgram
2,38,18,26.34,66.78,6.45,58.12,blackgram
8,30,14,25.56,63.45,6.98,72.45,blackgram
0,36,16,24.23,65.12,7.35,82.78,blackgram
4,34,10,26.78,61.89,6.62,64.12,blackgram
6,40,20,25.45,67.34,7.42,55.45,blackgram
2,28,12,24.67,63.78,6.38,78.78,blackgram
8,36,16,26.12,66.23,6.85,62.12,blackgram
0,32,14,25.78,64.56,7.22,85.45,blackgram
4,38,18,24.34,62.12,6.52,70.78,blackgram
6,30,10,26.56,67.89,7.08,56.12,blackgram
2,36,20,25.12,63.34,6.72,76.45,blackgram
8,34,12,24.89,65.45,7.38,60.78,blackgram
0,40,16,26.23,61.56,6.45,84.12,blackgram
4,28,14,25.67,66.78,6.92,66.45,blackgram
6,36,18,24.45,63.89,7.28,52.78,blackgram
2,32,10,26.89,62.34,6.38,80.12,blackgram
8,38,20,25.23,67.12,6.78,58.45,blackgram
0,30,12,24.56,64.67,7.42,88.78,blackgram
4,34,16,26.34,61.23,6.55,68.12,blackgram
6,40,14,25.89,66.56,7.12,54.45,blackgram
2,28,18,24.12,63.12,6.42,74.78,blackgram
8,36,10,26.67,65.78,6.88,62.12,blackgram
0,32,20,25.45,62.45,7.35,86.45,blackgram
4,38,12,24.78,67.34,6.65,70.78,blackgram
6,30,16,26.23,61.67,7.08,50.12,blackgram
2,36,14,25.56,63.56,6.48,78.45,blackgram
8,34,18,24.34,66.12,6.82,56.78,blackgram
0,40,10,26.78,62.89,7.45,82.12,blackgram
4,28,20,25.12,67.45,6.35,66.45,blackgram
6,36,12,24.67,63.78,7.18,52.78,blackgram
2,32,16,26.45,61.34,6.58,76.12,blackgram
8,38,14,25.78,66.67,6.92,60.45,blackgram
0,30,18,24.12,62.12,7.38,84.78,blackgram
4,34,10,26.56,67.89,6.45,64.12,blackgram
6,40,20,25.34,63.45,7.22,48.45,blackgram
2,28,12,24.89,61.78,6.72,80.78,blackgram
8,36,16,26.12,66.34,6.38,58.12,blackgram
0,32,14,25.67,64.12,7.42,88.45,blackgram
4,38,18,24.45,62.56,6.52,68.78,blackgram
6,30,10,26.89,67.23,7.08,54.12,blackgram
2,36,20,25.12,63.89,6.78,74.45,blackgram
8,34,12,24.78,65.67,6.85,62.78,blackgram
0,40,16,26.34,61.34,7.35,86.12,blackgram
4,28,14,25.56,66.78,6.62,70.45,blackgram
6,36,18,24.23,63.23,7.28,50.78,blackgram
2,32,10,26.78,62.67,6.42,78.12,blackgram
8,38,20,25.89,67.12,6.88,56.45,blackgram
0,30,12,24.34,64.56,7.42,84.78,blackgram
4,34,16,26.56,61.89,6.55,66.12,blackgram
6,40,14,25.12,66.34,7.12,52.45,blackgram
2,28,18,24.67,63.45,6.48,76.78,blackgram
8,36,10,26.23,65.23,6.82,60.12,blackgram
0,32,20,25.78,62.78,7.38,82.45,blackgram
4,38,12,24.45,67.67,6.65,68.78,blackgram
6,30,16,26.89,61.12,7.08,48.12,blackgram
2,36,14,25.34,63.67,6.42,80.45,blackgram
8,34,18,24.12,66.45,6.92,58.78,blackgram
0,40,10,26.67,62.34,7.45,86.12,blackgram
4,28,20,25.56,67.78,6.35,64.45,blackgram
6,36,12,24.89,63.12,7.18,50.78,blackgram
2,32,16,26.12,61.56,6.58,78.12,blackgram
8,38,14,25.23,66.89,6.88,62.45,blackgram
0,30,18,24.56,64.23,7.35,88.78,blackgram
4,34,10,26.78,62.67,6.45,66.12,blackgram
6,40,20,25.78,67.34,7.22,46.45,blackgram
2,28,12,24.34,63.78,6.72,82.78,blackgram
8,36,16,26.45,65.56,6.38,56.12,blackgram
0,32,14,25.12,61.23,7.42,84.45,blackgram
4,38,18,24.67,66.12,6.52,68.78,blackgram
6,30,10,26.89,63.45,7.08,52.12,blackgram
2,36,20,25.45,62.89,6.78,76.45,blackgram
8,34,12,24.12,67.34,6.85,60.78,blackgram
0,40,16,26.34,64.67,7.35,82.12,blackgram
4,28,14,25.67,61.12,6.62,64.45,blackgram
6,36,18,24.45,66.56,7.28,48.78,blackgram
2,32,10,26.56,63.23,6.42,80.12,blackgram
8,38,20,25.23,65.34,6.88,58.45,blackgram
0,30,12,24.78,62.45,7.42,86.78,blackgram
4,34,16,26.12,67.78,6.55,68.12,blackgram
6,40,14,25.89,63.67,7.12,44.45,blackgram
2,28,18,24.34,61.89,6.48,82.78,blackgram
8,36,10,26.78,66.23,6.82,54.12,blackgram
0,32,20,25.56,64.56,7.38,80.45,blackgram
4,38,12,24.12,62.12,6.65,72.78,blackgram
6,30,16,26.45,67.45,7.08,46.12,blackgram
2,36,14,25.78,63.34,6.42,78.45,blackgram
8,34,18,24.67,65.78,6.92,56.78,blackgram
0,40,10,26.23,61.67,7.45,84.12,blackgram
4,28,20,25.34,66.89,6.35,66.45,blackgram
6,36,12,24.56,63.12,7.18,48.78,blackgram
2,32,16,26.78,62.56,6.58,76.12,blackgram
8,38,14,25.12,67.12,6.88,60.45,blackgram
0,30,18,24.89,64.78,7.35,88.78,blackgram
4,34,10,26.34,61.34,6.45,68.12,blackgram
6,40,20,25.67,66.67,7.22,44.45,blackgram
2,28,12,24.23,63.56,6.72,82.78,blackgram
20,60,20,27.45,48.23,6.82,68.34,chickpea
24,58,18,28.12,46.56,7.18,62.67,chickpea
18,64,22,26.89,50.78,6.48,75.12,chickpea
22,56,16,27.78,47.34,6.95,58.45,chickpea
26,62,24,28.45,49.12,7.38,82.78,chickpea
20,66,20,26.34,45.67,6.62,72.12,chickpea
24,54,18,27.12,51.23,7.22,55.45,chickpea
18,68,22,28.56,48.89,6.35,78.78,chickpea
22,60,16,26.78,46.45,6.88,65.12,chickpea
26,58,24,27.34,50.12,7.42,85.45,chickpea
20,64,20,28.23,47.78,6.52,70.78,chickpea
24,56,18,26.56,49.34,7.08,52.12,chickpea
18,62,22,27.89,45.56,6.72,76.45,chickpea
22,66,16,28.34,51.89,6.38,60.78,chickpea
26,54,24,26.12,48.23,7.35,84.12,chickpea
20,68,20,27.67,46.67,6.45,66.45,chickpea
24,60,18,28.78,50.45,7.28,52.78,chickpea
18,58,22,26.45,47.12,6.58,80.12,chickpea
22,64,16,27.23,49.78,6.92,58.45,chickpea
26,56,24,28.89,45.34,7.45,88.78,chickpea
20,62,20,26.78,51.56,6.68,68.12,chickpea
24,66,18,27.45,48.45,7.12,54.45,chickpea
18,54,22,28.12,46.89,6.42,74.78,chickpea
22,68,16,26.34,50.34,6.82,62.12,chickpea
26,60,24,27.89,47.56,7.38,86.45,chickpea
20,58,20,28.56,49.23,6.55,70.78,chickpea
24,64,18,26.12,45.78,7.08,50.12,chickpea
18,56,22,27.78,51.67,6.38,78.45,chickpea
22,62,16,28.23,48.12,6.88,56.78,chickpea
26,66,24,26.67,46.34,7.42,82.12,chickpea
20,54,20,27.34,50.89,6.65,66.45,chickpea
24,68,18,28.78,47.45,7.22,52.78,chickpea
18,60,22,26.23,49.56,6.42,76.12,chickpea
22,58,16,27.56,45.12,6.92,60.45,chickpea
26,64,24,28.45,51.34,7.35,84.78,chickpea
20,56,20,26.89,48.78,6.48,72.12,chickpea
24,62,18,27.12,46.23,7.08,48.45,chickpea
18,66,22,28.34,50.56,6.58,80.78,chickpea
22,54,16,26.56,47.89,6.82,54.12,chickpea
26,68,24,27.78,49.34,7.42,86.45,chickpea
20,60,20,28.12,45.67,6.62,68.78,chickpea
24,58,18,26.34,51.12,7.18,56.12,chickpea
18,64,22,27.56,48.45,6.45,74.45,chickpea
22,56,16,28.89,46.78,6.88,60.78,chickpea
26,62,24,26.12,50.23,7.38,88.12,chickpea
20,66,20,27.45,47.56,6.52,64.45,chickpea
24,54,18,28.23,49.89,7.22,50.78,chickpea
18,68,22,26.78,45.23,6.42,82.12,chickpea
22,60,16,27.34,51.45,6.92,58.45,chickpea
26,58,24,28.56,48.12,7.35,84.78,chickpea
20,64,20,26.23,46.34,6.68,72.12,chickpea
24,56,18,27.89,50.67,7.08,52.45,chickpea
18,62,22,28.12,47.23,6.38,76.78,chickpea
22,66,16,26.67,49.56,6.82,62.12,chickpea
26,54,24,27.56,45.78,7.42,86.45,chickpea
20,68,20,28.34,51.12,6.55,66.78,chickpea
24,60,18,26.12,48.34,7.18,54.12,chickpea
18,58,22,27.78,46.56,6.45,78.45,chickpea
22,64,16,28.45,50.78,6.95,58.78,chickpea
26,56,24,26.89,47.12,7.38,82.12,chickpea
20,62,20,27.23,49.45,6.62,70.45,chickpea
24,66,18,28.67,45.89,7.22,48.78,chickpea
18,54,22,26.45,51.34,6.48,80.12,chickpea
22,68,16,27.78,48.67,6.88,56.45,chickpea
26,60,24,28.23,46.12,7.35,84.78,chickpea
20,58,20,26.67,50.45,6.52,72.12,chickpea
24,64,18,27.34,47.78,7.08,50.45,chickpea
18,56,22,28.89,49.23,6.42,76.78,chickpea
22,62,16,26.12,45.56,6.82,62.12,chickpea
26,66,24,27.56,51.89,7.42,88.45,chickpea
20,54,20,28.34,48.34,6.65,64.78,chickpea
24,68,18,26.78,46.67,7.18,52.12,chickpea
18,60,22,27.45,50.12,6.38,74.45,chickpea
22,58,16,28.12,47.45,6.92,60.78,chickpea
26,64,24,26.34,49.78,7.35,82.12,chickpea
20,56,20,27.89,46.23,6.48,68.45,chickpea
24,62,18,28.56,50.56,7.22,48.78,chickpea
18,66,22,26.23,48.89,6.58,80.12,chickpea
22,54,16,27.67,45.34,6.82,54.45,chickpea
26,68,24,28.23,51.67,7.45,86.78,chickpea
20,60,20,26.78,47.12,6.55,66.12,chickpea
24,58,18,27.12,49.45,7.08,56.45,chickpea
18,64,22,28.78,46.78,6.42,78.78,chickpea
22,56,16,26.45,50.23,6.88,62.12,chickpea
26,62,24,27.34,48.56,7.38,84.45,chickpea
20,66,20,28.89,45.89,6.62,72.78,chickpea
24,54,18,26.12,51.23,7.22,50.12,chickpea
18,68,22,27.78,47.56,6.45,76.45,chickpea
22,60,16,28.34,49.89,6.95,58.78,chickpea
26,58,24,26.67,46.23,7.42,88.12,chickpea
20,64,20,27.89,50.56,6.52,64.45,chickpea
24,56,18,28.12,48.34,7.08,52.78,chickpea
18,62,22,26.34,45.67,6.38,82.12,chickpea
22,66,16,27.56,51.45,6.82,56.45,chickpea
26,54,24,28.78,47.78,7.38,86.78,chickpea
36,68,20,24.23,72.45,6.45,148.12,kidneybeans
40,72,24,23.56,70.23,6.82,138.56,kidneybeans
32,64,18,24.89,74.67,7.18,156.34,kidneybeans
44,76,26,23.12,69.34,6.38,132.78,kidneybeans
34,68,22,24.67,73.12,6.92,162.12,kidneybeans
42,70,20,23.78,71.56,7.35,142.45,kidneybeans
38,66,24,24.34,75.23,6.55,128.78,kidneybeans
30,78,18,23.45,68.45,6.78,168.12,kidneybeans
46,72,26,24.56,72.34,7.22,136.45,kidneybeans
36,64,20,23.89,73.78,6.42,152.78,kidneybeans
40,76,22,24.12,70.67,6.88,146.12,kidneybeans
32,68,24,23.34,74.12,7.38,158.45,kidneybeans
44,70,18,24.78,69.56,6.52,130.78,kidneybeans
34,66,26,23.67,72.89,6.95,164.12,kidneybeans
42,78,20,24.23,71.23,7.28,140.45,kidneybeans
38,72,22,23.12,75.45,6.62,126.78,kidneybeans
30,64,24,24.56,68.78,6.78,170.12,kidneybeans
46,76,18,23.78,73.34,7.15,134.45,kidneybeans
36,68,26,24.34,70.12,6.35,154.78,kidneybeans
40,70,20,23.45,74.56,6.92,144.12,kidneybeans
32,66,22,24.89,69.23,7.42,160.45,kidneybeans
44,78,24,23.23,72.67,6.48,128.78,kidneybeans
34,72,18,24.67,71.45,6.82,166.12,kidneybeans
42,64,26,23.56,75.12,7.35,138.45,kidneybeans
38,76,20,24.12,70.78,6.55,150.78,kidneybeans
30,68,22,23.89,68.34,6.78,172.12,kidneybeans
46,70,24,24.45,73.56,7.22,132.45,kidneybeans
36,66,18,23.34,74.89,6.38,156.78,kidneybeans
40,78,26,24.78,69.67,6.88,142.12,kidneybeans
32,72,20,23.67,72.12,7.38,162.45,kidneybeans
44,64,22,24.23,71.34,6.52,126.78,kidneybeans
34,76,24,23.12,75.67,6.95,168.12,kidneybeans
42,68,18,24.56,70.45,7.28,136.45,kidneybeans
38,70,26,23.78,73.23,6.62,152.78,kidneybeans
30,66,20,24.34,68.12,6.78,174.12,kidneybeans
46,78,22,23.45,72.78,7.15,130.45,kidneybeans
36,72,24,24.67,74.45,6.42,158.78,kidneybeans
40,64,18,23.23,69.89,6.82,144.12,kidneybeans
32,76,26,24.89,71.67,7.42,164.45,kidneybeans
44,68,20,23.56,75.34,6.35,124.78,kidneybeans
34,70,22,24.12,70.23,6.92,170.12,kidneybeans
42,66,24,23.89,73.56,7.28,140.45,kidneybeans
38,78,18,24.45,69.34,6.55,154.78,kidneybeans
30,72,26,23.34,72.67,6.78,176.12,kidneybeans
46,64,20,24.78,74.12,7.18,128.45,kidneybeans
36,76,22,23.67,70.56,6.38,160.78,kidneybeans
40,68,24,24.23,73.89,6.92,146.12,kidneybeans
32,70,18,23.12,69.45,7.35,166.45,kidneybeans
44,66,26,24.56,72.34,6.48,122.78,kidneybeans
34,78,20,23.78,75.78,6.82,172.12,kidneybeans
42,72,22,24.34,71.12,7.22,138.45,kidneybeans
38,64,24,23.45,73.45,6.62,156.78,kidneybeans
30,76,18,24.67,68.78,6.78,178.12,kidneybeans
46,68,26,23.23,72.23,7.15,126.45,kidneybeans
36,70,20,24.89,74.67,6.35,162.78,kidneybeans
40,66,22,23.56,70.34,6.88,148.12,kidneybeans
32,78,24,24.12,73.78,7.42,168.45,kidneybeans
44,72,18,23.89,69.12,6.52,120.78,kidneybeans
34,64,26,24.45,75.56,6.92,174.12,kidneybeans
42,76,20,23.34,71.45,7.28,136.45,kidneybeans
38,68,22,24.78,73.12,6.55,158.78,kidneybeans
30,70,24,23.67,68.56,6.78,180.12,kidneybeans
46,66,18,24.23,72.45,7.18,124.45,kidneybeans
36,78,26,23.12,74.34,6.42,164.78,kidneybeans
40,72,20,24.56,70.78,6.82,150.12,kidneybeans
32,64,22,23.78,73.67,7.38,170.45,kidneybeans
44,76,24,24.34,69.45,6.35,118.78,kidneybeans
34,68,18,23.45,75.23,6.92,176.12,kidneybeans
42,70,26,24.67,71.78,7.28,134.45,kidneybeans
38,66,20,23.23,72.89,6.62,160.78,kidneybeans
30,78,22,24.89,68.34,6.78,182.12,kidneybeans
46,72,24,23.56,74.56,7.15,122.45,kidneybeans
36,64,18,24.12,70.12,6.38,166.78,kidneybeans
40,76,26,23.89,73.34,6.92,152.12,kidneybeans
32,68,20,24.45,69.78,7.42,172.45,kidneybeans
44,70,22,23.12,75.12,6.48,116.78,kidneybeans
34,66,24,24.78,72.56,6.82,178.12,kidneybeans
42,78,18,23.67,71.34,7.22,132.45,kidneybeans
38,72,26,24.23,73.78,6.55,162.78,kidneybeans
30,64,20,23.34,68.12,6.78,184.12,kidneybeans
46,76,22,24.56,74.89,7.18,120.45,kidneybeans
36,68,24,23.89,70.45,6.42,168.78,kidneybeans
40,70,18,24.12,73.12,6.88,154.12,kidneybeans
32,66,26,23.56,69.56,7.38,174.45,kidneybeans
44,78,20,24.67,75.34,6.35,114.78,kidneybeans
34,72,22,23.23,72.78,6.92,180.12,kidneybeans
42,64,24,24.34,71.56,7.28,130.45,kidneybeans
38,76,18,23.78,73.45,6.62,164.78,kidneybeans
30,68,26,24.89,68.89,6.78,186.12,kidneybeans
46,70,20,23.12,74.12,7.15,118.45,kidneybeans
36,66,22,24.56,70.78,6.38,170.78,kidneybeans
40,78,24,23.45,73.56,6.92,156.12,kidneybeans
32,72,18,24.23,69.23,7.42,176.45,kidneybeans
44,64,26,23.67,75.67,6.48,112.78,kidneybeans
12,42,10,30.12,85.23,6.48,35.12,mothbeans
16,38,8,29.45,83.56,6.85,42.34,mothbeans
10,46,12,31.23,87.12,6.12,28.45,mothbeans
14,40,14,30.56,84.34,6.62,38.78,mothbeans
18,44,10,29.12,86.67,7.08,48.12,mothbeans
12,36,8,31.67,82.45,6.38,32.45,mothbeans
16,48,12,30.23,88.23,6.72,25.78,mothbeans
10,42,14,29.78,85.56,6.95,45.12,mothbeans
14,38,10,31.45,83.12,6.28,52.45,mothbeans
18,46,8,30.34,87.34,7.18,30.78,mothbeans
12,40,12,29.56,84.78,6.55,38.12,mothbeans
16,44,14,31.12,82.23,6.42,48.45,mothbeans
10,36,10,30.78,86.45,6.88,22.78,mothbeans
14,48,8,29.23,85.12,7.28,42.12,mothbeans
18,42,12,31.56,83.67,6.45,55.45,mothbeans
12,38,14,30.12,87.89,6.72,28.78,mothbeans
16,46,10,29.67,84.23,6.18,36.12,mothbeans
10,40,8,31.34,82.56,6.95,50.45,mothbeans
14,44,12,30.45,86.12,7.35,25.78,mothbeans
18,36,14,29.12,85.78,6.38,40.12,mothbeans
12,48,10,31.78,83.34,6.62,32.45,mothbeans
16,42,8,30.23,87.56,6.85,52.78,mothbeans
10,38,12,29.56,84.45,6.22,20.12,mothbeans
14,46,14,31.12,82.78,7.08,45.45,mothbeans
18,40,10,30.67,86.23,6.48,58.78,mothbeans
12,44,8,29.34,85.34,6.75,30.12,mothbeans
16,36,12,31.45,83.89,6.35,34.45,mothbeans
10,48,14,30.78,87.12,6.92,48.78,mothbeans
14,42,10,29.23,84.56,7.22,22.12,mothbeans
18,38,8,31.56,82.12,6.42,42.45,mothbeans
12,46,12,30.12,86.78,6.68,28.78,mothbeans
16,40,14,29.78,83.23,6.88,56.12,mothbeans
10,44,10,31.23,87.45,6.15,18.45,mothbeans
14,36,8,30.45,85.67,7.32,44.78,mothbeans
18,48,12,29.12,84.12,6.52,60.12,mothbeans
12,42,14,31.67,82.56,6.78,26.45,mothbeans
16,38,10,30.34,86.34,6.38,35.78,mothbeans
10,46,8,29.56,87.78,6.95,46.12,mothbeans
14,40,12,31.12,83.45,7.18,20.45,mothbeans
18,44,14,30.78,85.23,6.45,40.78,mothbeans
12,36,10,29.23,84.67,6.72,30.12,mothbeans
16,48,8,31.45,82.34,6.62,54.45,mothbeans
10,42,12,30.56,87.12,6.22,16.78,mothbeans
14,38,14,29.78,85.89,7.28,46.12,mothbeans
18,46,10,31.12,83.56,6.48,62.45,mothbeans
12,40,8,30.23,86.23,6.85,24.78,mothbeans
16,44,12,29.45,84.78,6.35,38.12,mothbeans
10,36,14,31.56,82.12,6.92,50.45,mothbeans
14,48,10,30.67,87.34,7.15,18.78,mothbeans
18,42,8,29.12,85.45,6.42,42.12,mothbeans
12,38,12,31.23,83.78,6.78,28.45,mothbeans
16,46,14,30.45,86.56,6.58,55.78,mothbeans
10,40,10,29.78,84.12,6.25,14.12,mothbeans
14,44,8,31.34,82.67,7.32,44.45,mothbeans
18,36,12,30.12,87.89,6.55,64.78,mothbeans
12,48,14,29.56,85.34,6.72,22.12,mothbeans
16,42,10,31.67,83.23,6.38,36.45,mothbeans
10,38,8,30.34,86.78,6.98,48.78,mothbeans
14,40,12,29.23,84.45,7.22,16.12,mothbeans
18,46,14,31.45,82.56,6.45,40.45,mothbeans
12,44,10,30.56,87.12,6.82,26.78,mothbeans
16,36,8,29.78,83.67,6.62,58.12,mothbeans
10,48,12,31.12,86.34,6.18,12.45,mothbeans
14,42,14,30.23,85.78,7.38,48.78,mothbeans
18,38,10,29.34,84.23,6.48,62.12,mothbeans
12,46,8,31.56,82.89,6.85,24.45,mothbeans
16,40,12,30.67,86.56,6.32,34.78,mothbeans
10,44,14,29.56,87.45,6.95,52.12,mothbeans
14,36,10,31.23,83.34,7.18,18.45,mothbeans
18,48,8,30.12,85.89,6.42,38.78,mothbeans
12,42,12,29.78,84.56,6.75,28.12,mothbeans
16,38,14,31.45,82.23,6.55,56.45,mothbeans
10,46,10,30.34,87.67,6.22,10.78,mothbeans
14,40,8,29.12,85.12,7.28,48.12,mothbeans
18,44,12,31.78,83.56,6.52,60.45,mothbeans
12,36,14,30.45,86.78,6.88,22.78,mothbeans
16,48,10,29.67,84.34,6.35,32.12,mothbeans
10,42,8,31.12,87.23,6.98,50.45,mothbeans
14,38,12,30.78,83.78,7.22,16.78,mothbeans
18,46,14,29.23,85.67,6.45,36.12,mothbeans
12,40,10,31.56,82.45,6.78,26.45,mothbeans
16,44,8,30.12,86.23,6.62,58.78,mothbeans
10,36,12,29.78,84.89,6.18,8.12,mothbeans
14,48,14,31.34,83.12,7.35,48.45,mothbeans
18,42,10,30.56,87.34,6.42,64.78,mothbeans
12,38,8,29.23,85.56,6.85,20.12,mothbeans
16,46,12,31.67,82.78,6.38,30.45,mothbeans
10,40,14,30.23,86.45,6.95,54.78,mothbeans
14,44,10,29.45,84.12,7.18,14.12,mothbeans
18,36,8,31.12,83.34,6.48,38.45,mothbeans
12,48,12,30.78,87.56,6.72,24.78,mothbeans
16,42,14,29.56,85.23,6.55,60.12,mothbeans
10,38,10,31.23,84.67,6.28,6.45,mothbeans
0,35,5,35.12,58.23,6.82,48.34,mungbean
5,30,8,34.56,56.45,7.15,55.67,mungbean
2,38,3,36.23,60.12,6.48,42.12,mungbean
8,32,10,35.78,57.78,6.92,52.45,mungbean
0,40,6,34.12,59.34,7.38,62.78,mungbean
4,36,4,36.56,55.67,6.55,45.12,mungbean
6,28,8,35.34,61.23,7.22,38.45,mungbean
2,42,5,34.89,58.56,6.72,58.78,mungbean
8,34,10,36.45,56.12,6.38,35.12,mungbean
0,38,3,35.67,60.45,7.42,65.45,mungbean
4,30,8,34.23,57.34,6.62,50.78,mungbean
6,44,6,36.78,55.23,7.08,32.12,mungbean
2,36,4,35.12,61.56,6.45,56.45,mungbean
8,40,10,34.67,58.89,6.88,40.78,mungbean
0,32,5,36.34,56.67,7.35,68.12,mungbean
4,42,8,35.45,59.12,6.52,48.45,mungbean
6,28,3,34.78,55.45,7.18,28.78,mungbean
2,38,6,36.12,61.78,6.78,54.12,mungbean
8,34,4,35.23,57.56,6.35,38.45,mungbean
0,40,10,34.56,60.23,7.42,62.78,mungbean
4,36,5,36.89,56.34,6.58,46.12,mungbean
6,30,8,35.67,59.45,7.12,30.45,mungbean
2,44,3,34.12,62.12,6.42,60.78,mungbean
8,32,6,36.45,57.23,6.85,35.12,mungbean
0,42,10,35.78,55.78,7.38,66.45,mungbean
4,38,4,34.34,60.56,6.72,50.78,mungbean
6,28,5,36.23,56.89,7.08,26.12,mungbean
2,36,8,35.56,61.34,6.45,52.45,mungbean
8,40,3,34.89,58.12,6.88,38.78,mungbean
0,34,6,36.67,55.45,7.32,70.12,mungbean
4,44,10,35.12,59.78,6.55,44.45,mungbean
6,30,4,34.45,62.45,7.22,28.78,mungbean
2,42,8,36.78,57.67,6.42,58.12,mungbean
8,36,5,35.34,56.12,6.82,32.45,mungbean
0,38,3,34.67,60.89,7.42,64.78,mungbean
4,32,6,36.12,55.34,6.62,48.12,mungbean
6,40,10,35.78,59.23,7.08,24.45,mungbean
2,28,4,34.23,62.56,6.38,56.78,mungbean
8,44,8,36.56,57.45,6.95,40.12,mungbean
0,36,5,35.45,55.78,7.35,68.45,mungbean
4,42,3,34.78,60.12,6.52,42.78,mungbean
6,34,6,36.34,56.56,7.18,26.12,mungbean
2,38,10,35.12,61.89,6.45,54.45,mungbean
8,30,4,34.56,58.34,6.88,36.78,mungbean
0,40,8,36.78,55.12,7.42,72.12,mungbean
4,44,5,35.67,59.56,6.72,46.45,mungbean
6,32,3,34.12,62.23,7.08,22.78,mungbean
2,36,6,36.45,57.78,6.48,58.12,mungbean
8,42,10,35.23,56.45,6.82,30.45,mungbean
0,28,4,34.89,60.67,7.38,66.78,mungbean
4,38,8,36.12,55.56,6.55,44.12,mungbean
6,34,5,35.56,59.34,7.22,28.45,mungbean
2,40,3,34.23,62.78,6.42,52.78,mungbean
8,30,6,36.67,57.12,6.92,34.12,mungbean
0,44,10,35.78,55.34,7.35,70.45,mungbean
4,36,4,34.45,60.45,6.68,48.78,mungbean
6,42,8,36.23,56.78,7.08,20.12,mungbean
2,28,5,35.34,62.12,6.38,56.45,mungbean
8,38,3,34.67,58.56,6.85,32.78,mungbean
0,32,6,36.56,54.89,7.42,64.12,mungbean
4,40,10,35.12,59.78,6.52,42.45,mungbean
6,44,4,34.78,56.34,7.15,26.78,mungbean
2,34,8,36.34,61.56,6.45,54.12,mungbean
8,36,5,35.56,57.23,6.92,36.45,mungbean
0,42,3,34.12,60.89,7.38,68.78,mungbean
4,28,6,36.78,55.67,6.62,46.12,mungbean
6,38,10,35.23,59.12,7.08,18.45,mungbean
2,30,4,34.56,62.45,6.35,52.78,mungbean
8,44,8,36.12,57.56,6.88,30.12,mungbean
0,40,5,35.89,54.78,7.42,72.45,mungbean
4,34,3,34.34,60.34,6.55,44.78,mungbean
6,36,6,36.56,56.12,7.22,24.12,mungbean
2,42,10,35.67,61.23,6.42,50.45,mungbean
8,32,4,34.78,58.78,6.82,34.78,mungbean
0,38,8,36.23,55.12,7.35,66.12,mungbean
4,44,5,35.12,59.45,6.72,48.45,mungbean
6,30,3,34.45,62.67,7.08,22.78,mungbean
2,28,6,36.78,57.34,6.48,56.12,mungbean
8,40,10,35.34,56.56,6.92,28.45,mungbean
0,36,4,34.89,60.12,7.42,64.78,mungbean
4,34,8,36.45,55.45,6.58,40.12,mungbean
6,42,5,35.56,59.78,7.15,26.45,mungbean
2,44,3,34.12,62.34,6.38,54.78,mungbean
8,38,6,36.12,57.89,6.85,32.12,mungbean
0,30,10,35.78,54.56,7.38,70.45,mungbean
4,32,4,34.56,60.67,6.65,46.78,mungbean
6,40,8,36.34,56.23,7.08,16.12,mungbean
2,36,5,35.23,61.56,6.42,52.45,mungbean
8,28,3,34.78,58.12,6.88,36.78,mungbean
0,44,6,36.67,55.34,7.42,68.12,mungbean
4,38,10,35.45,59.23,6.52,42.45,mungbean
6,34,4,34.23,62.78,7.18,24.78,mungbean
2,42,8,36.12,57.45,6.48,58.12,mungbean
8,30,5,35.67,56.34,6.92,30.45,mungbean
0,40,3,34.34,60.56,7.35,66.78,mungbean
4,36,6,36.89,55.78,6.62,48.12,mungbean
35,68,20,34.23,52.45,6.82,38.12,pigeon_peas
40,64,18,33.56,50.23,7.18,45.34,pigeon_peas
30,72,22,35.12,54.67,6.48,32.45,pigeon_peas
38,66,24,34.78,51.34,6.95,42.78,pigeon_peas
32,70,16,33.12,53.12,7.38,52.12,pigeon_peas
42,62,20,35.56,49.56,6.62,36.45,pigeon_peas
36,74,18,34.23,55.23,7.22,28.78,pigeon_peas
28,68,22,33.78,52.89,6.35,48.12,pigeon_peas
44,66,24,35.45,50.45,6.88,55.45,pigeon_peas
34,70,16,34.12,54.12,7.42,30.78,pigeon_peas
40,62,20,33.56,51.78,6.52,40.12,pigeon_peas
30,72,18,35.23,49.34,7.08,48.45,pigeon_peas
38,74,22,34.67,55.56,6.45,25.78,pigeon_peas
32,66,24,33.23,52.23,6.78,44.12,pigeon_peas
42,68,16,35.89,50.67,7.35,58.45,pigeon_peas
36,64,20,34.45,53.89,6.55,34.78,pigeon_peas
28,70,18,33.12,49.12,7.18,42.12,pigeon_peas
44,72,22,35.67,54.45,6.38,22.45,pigeon_peas
34,62,24,34.78,51.56,6.92,50.78,pigeon_peas
40,66,16,33.45,55.78,7.45,28.12,pigeon_peas
30,74,20,35.12,50.34,6.68,38.45,pigeon_peas
38,68,18,34.34,52.67,7.12,46.78,pigeon_peas
32,64,22,33.89,54.23,6.42,20.12,pigeon_peas
42,70,24,35.56,49.78,6.82,52.45,pigeon_peas
36,72,16,34.12,53.45,7.28,56.78,pigeon_peas
28,66,20,33.67,51.12,6.55,32.12,pigeon_peas
44,62,18,35.23,55.34,7.42,40.45,pigeon_peas
34,74,22,34.56,50.56,6.38,18.78,pigeon_peas
40,68,24,33.12,52.78,6.88,48.12,pigeon_peas
30,70,16,35.78,49.23,7.22,54.45,pigeon_peas
38,64,20,34.45,54.67,6.52,26.78,pigeon_peas
32,72,18,33.23,51.34,7.08,44.12,pigeon_peas
42,66,22,35.89,55.12,6.45,24.45,pigeon_peas
36,62,24,34.12,50.45,6.78,56.78,pigeon_peas
28,74,16,33.78,53.23,7.38,60.12,pigeon_peas
44,68,20,35.34,49.67,6.62,30.45,pigeon_peas
34,70,18,34.67,52.12,7.18,38.78,pigeon_peas
40,64,22,33.45,54.89,6.35,16.12,pigeon_peas
30,66,24,35.12,51.56,6.92,46.45,pigeon_peas
38,72,16,34.23,55.34,7.42,52.78,pigeon_peas
32,62,20,33.89,50.23,6.55,24.12,pigeon_peas
42,74,18,35.67,52.45,7.08,42.45,pigeon_peas
36,68,22,34.34,54.78,6.42,18.78,pigeon_peas
28,70,24,33.12,51.89,6.88,54.12,pigeon_peas
44,66,16,35.45,49.34,7.28,58.45,pigeon_peas
34,64,20,34.78,53.67,6.62,28.78,pigeon_peas
40,72,18,33.56,55.56,7.42,36.12,pigeon_peas
30,62,22,35.23,50.78,6.48,22.45,pigeon_peas
38,74,24,34.45,52.34,6.82,50.78,pigeon_peas
32,68,16,33.78,54.45,7.35,56.12,pigeon_peas
42,70,20,35.12,49.56,6.55,26.45,pigeon_peas
36,66,18,34.56,53.12,7.12,44.78,pigeon_peas
28,64,22,33.23,55.78,6.38,14.12,pigeon_peas
44,72,24,35.78,51.23,6.95,48.45,pigeon_peas
34,62,16,34.12,49.78,7.28,60.78,pigeon_peas
40,74,20,33.67,53.45,6.62,30.12,pigeon_peas
30,68,18,35.34,55.12,7.45,38.45,pigeon_peas
38,70,22,34.89,50.67,6.35,16.78,pigeon_peas
32,66,24,33.12,52.89,6.88,46.12,pigeon_peas
42,64,16,35.56,49.23,7.22,54.45,pigeon_peas
36,72,20,34.23,54.56,6.52,22.78,pigeon_peas
28,62,18,33.78,51.45,7.08,42.12,pigeon_peas
44,74,22,35.12,55.34,6.42,12.45,pigeon_peas
34,68,24,34.56,50.12,6.82,52.78,pigeon_peas
40,70,16,33.34,53.78,7.38,58.12,pigeon_peas
30,66,20,35.67,49.45,6.55,24.45,pigeon_peas
38,64,18,34.12,52.23,7.18,40.78,pigeon_peas
32,72,22,33.56,55.56,6.38,10.12,pigeon_peas
42,68,24,35.89,51.34,6.92,48.45,pigeon_peas
36,70,16,34.45,49.67,7.28,56.78,pigeon_peas
28,66,20,33.12,54.12,6.65,20.12,pigeon_peas
44,62,18,35.34,50.78,7.42,36.45,pigeon_peas
34,74,22,34.78,52.56,6.35,8.78,pigeon_peas
40,68,24,33.56,55.23,6.88,50.12,pigeon_peas
30,70,16,35.12,49.34,7.22,62.45,pigeon_peas
38,66,20,34.23,53.45,6.52,18.78,pigeon_peas
32,64,18,33.89,51.12,7.08,44.12,pigeon_peas
42,72,22,35.56,54.78,6.45,6.45,pigeon_peas
36,62,24,34.12,50.45,6.78,46.78,pigeon_peas
28,74,16,33.34,53.67,7.35,60.12,pigeon_peas
44,68,20,35.78,49.23,6.62,22.45,pigeon_peas
34,70,18,34.45,52.34,7.18,38.78,pigeon_peas
40,66,22,33.67,55.12,6.38,4.12,pigeon_peas
30,64,24,35.23,51.56,6.95,52.45,pigeon_peas
38,72,16,34.78,49.89,7.28,58.78,pigeon_peas
32,62,20,33.12,54.34,6.55,16.12,pigeon_peas
42,74,18,35.45,50.67,7.42,34.45,pigeon_peas
36,68,22,34.34,53.23,6.42,2.78,pigeon_peas
28,70,24,33.78,51.78,6.82,50.12,pigeon_peas
44,66,16,35.12,49.45,7.22,62.45,pigeon_peas
34,64,20,34.56,53.89,6.55,14.78,pigeon_peas
40,72,18,33.23,55.34,7.08,32.12,pigeon_peas
30,68,22,35.67,50.12,6.38,0.45,pigeon_peas
38,62,24,34.12,52.67,6.92,48.78,pigeon_peas
32,74,16,33.56,49.56,7.35,64.12,pigeon_peas
42,70,20,35.34,54.23,6.62,12.45,pigeon_peas
36,66,18,34.89,51.89,7.18,30.78,pigeon_peas
118,22,30,32.45,62.34,5.82,52.12,coffee
122,18,28,31.78,60.56,6.18,58.34,coffee
115,25,32,33.12,64.45,5.48,45.67,coffee
125,20,26,32.56,61.23,5.95,62.78,coffee
112,24,34,31.34,63.78,6.35,48.12,coffee
120,16,30,33.45,59.67,5.72,55.45,coffee
128,22,28,32.12,65.12,6.08,40.78,coffee
110,26,32,31.89,62.45,5.58,68.12,coffee
124,18,26,33.34,60.34,5.88,52.45,coffee
116,20,34,32.67,63.56,6.28,38.78,coffee
122,24,30,31.45,61.78,5.68,56.12,coffee
114,14,28,33.78,64.23,6.12,48.45,coffee
126,22,32,32.23,59.45,5.42,64.78,coffee
118,26,26,31.56,62.67,5.92,42.12,coffee
112,18,34,33.12,65.34,6.38,50.45,coffee
120,20,30,32.89,60.12,5.78,58.78,coffee
128,24,28,31.23,63.45,6.22,36.12,coffee
110,16,32,33.67,61.56,5.52,66.45,coffee
124,22,26,32.34,64.78,5.98,44.78,coffee
116,26,34,31.78,59.23,6.32,48.12,coffee
122,18,30,33.45,62.12,5.62,54.45,coffee
114,20,28,32.12,65.45,6.18,40.78,coffee
126,24,32,31.34,60.67,5.48,62.12,coffee
118,14,26,33.78,63.34,5.88,46.45,coffee
112,22,34,32.56,61.23,6.28,50.78,coffee
120,26,30,31.67,64.56,5.72,56.12,coffee
128,18,28,33.23,59.78,6.08,34.45,coffee
110,20,32,32.89,62.89,5.58,68.78,coffee
124,24,26,31.45,65.12,5.95,42.12,coffee
116,16,34,33.56,60.45,6.35,52.45,coffee
122,22,30,32.23,63.23,5.68,58.78,coffee
114,26,28,31.78,61.67,6.12,38.12,coffee
126,18,32,33.34,64.45,5.42,64.45,coffee
118,20,26,32.67,59.56,5.92,46.78,coffee
112,24,34,31.12,62.34,6.38,54.12,coffee
120,14,30,33.78,65.78,5.78,48.45,coffee
128,22,28,32.45,60.23,6.22,32.78,coffee
110,26,32,31.56,63.67,5.52,66.12,coffee
124,18,26,33.12,61.45,5.98,44.45,coffee
116,20,34,32.34,64.12,6.28,52.78,coffee
122,24,30,31.89,59.34,5.62,56.12,coffee
114,16,28,33.45,62.56,6.08,36.45,coffee
126,22,32,32.12,65.23,5.48,62.78,coffee
118,26,26,31.34,60.78,5.88,50.12,coffee
112,18,34,33.67,63.45,6.35,48.45,coffee
120,20,30,32.78,61.12,5.72,54.78,coffee
128,24,28,31.23,64.67,6.12,30.12,coffee
110,14,32,33.34,59.89,5.55,70.45,coffee
124,22,26,32.56,62.23,5.95,40.78,coffee
116,26,34,31.78,65.56,6.28,46.12,coffee
122,18,30,33.12,60.67,5.58,56.45,coffee
114,20,28,32.34,63.34,6.18,38.78,coffee
126,24,32,31.56,61.78,5.48,64.12,coffee
118,16,26,33.89,64.23,5.92,44.45,coffee
112,22,34,32.67,59.56,6.32,52.78,coffee
120,26,30,31.12,62.89,5.72,58.12,coffee
128,18,28,33.45,65.45,6.08,28.45,coffee
110,20,32,32.23,60.34,5.55,68.78,coffee
124,24,26,31.67,63.12,5.98,42.12,coffee
116,14,34,33.78,61.78,6.35,50.45,coffee
122,22,30,32.34,64.56,5.68,54.78,coffee
114,26,28,31.89,59.23,6.12,36.12,coffee
126,18,32,33.56,62.45,5.42,62.45,coffee
118,20,26,32.78,65.34,5.92,48.78,coffee
112,24,34,31.23,60.56,6.38,56.12,coffee
120,16,30,33.12,63.78,5.78,52.45,coffee
128,22,28,32.56,61.23,6.22,26.78,coffee
110,26,32,31.45,64.45,5.52,66.12,coffee
124,18,26,33.78,59.67,5.98,44.45,coffee
116,20,34,32.12,62.12,6.28,48.78,coffee
122,24,30,31.78,65.34,5.65,58.12,coffee
114,14,28,33.34,60.45,6.08,34.45,coffee
126,22,32,32.67,63.56,5.45,62.78,coffee
118,26,26,31.23,61.89,5.92,50.12,coffee
112,18,34,33.56,64.67,6.38,54.45,coffee
120,20,30,32.89,59.34,5.72,46.78,coffee
128,24,28,31.12,62.78,6.12,24.12,coffee
110,16,32,33.78,65.12,5.55,72.45,coffee
124,22,26,32.34,60.56,5.95,38.78,coffee
116,26,34,31.67,63.34,6.28,48.12,coffee
122,18,30,33.12,61.45,5.62,56.45,coffee
114,20,28,32.56,64.78,6.18,32.78,coffee
126,24,32,31.34,59.12,5.42,64.78,coffee
118,14,26,33.89,62.56,5.88,42.12,coffee
112,22,34,32.78,65.23,6.32,50.45,coffee
120,26,30,31.56,60.67,5.75,58.78,coffee
128,18,28,33.23,63.45,6.08,22.45,coffee
110,20,32,32.12,61.78,5.58,70.12,coffee
124,24,26,31.78,64.12,5.98,36.45,coffee
116,16,34,33.45,59.89,6.35,52.78,coffee
122,22,30,32.67,62.34,5.68,54.12,coffee
114,26,28,31.34,65.56,6.12,30.45,coffee
126,18,32,33.78,60.23,5.45,66.78,coffee
118,20,26,32.45,63.78,5.92,46.12,coffee
